/home/valerii/workspace/Nexium/sources/Misc/BaseLog.h should add these lines:
#include <string.h>          // for memcpy
#include <ctime>             // for time_t
#include <string>            // for basic_string, string
#include <utility>           // for move
#include "Core/Singleton.h"  // for SINGLETONS_FRIEND, Singleton

/home/valerii/workspace/Nexium/sources/Misc/BaseLog.h should remove these lines:

The full include-list for /home/valerii/workspace/Nexium/sources/Misc/BaseLog.h:
#include <string.h>          // for memcpy
#include <ctime>             // for time_t
#include <queue>             // for queue
#include <string>            // for basic_string, string
#include <utility>           // for move
#include "Core/Singleton.h"  // for SINGLETONS_FRIEND, Singleton
#include "Core/String.h"     // for StringFormatter, StringAtom
#include "spdlog/common.h"   // for level_enum
namespace spdlog { class logger; }  // lines 34-34
---

/home/valerii/workspace/Nexium/sources/Misc/BaseLog.cpp should add these lines:
#include <iomanip>                            // for operator<<, put_time
#include <memory>                             // for shared_ptr
#include <sstream>                            // for basic_ostringstream
#include <stdexcept>                          // for runtime_error
#include "spdlog/logger.h"                    // for logger

/home/valerii/workspace/Nexium/sources/Misc/BaseLog.cpp should remove these lines:
- #include <shared_mutex>  // lines 30-30
- #include "spdlog/spdlog.h"  // lines 28-28

The full include-list for /home/valerii/workspace/Nexium/sources/Misc/BaseLog.cpp:
#include "BaseLog.h"
#include <iomanip>                            // for operator<<, put_time
#include <memory>                             // for shared_ptr
#include <sstream>                            // for basic_ostringstream
#include <stdexcept>                          // for runtime_error
#include "spdlog/logger.h"                    // for logger
#include "spdlog/sinks/stdout_color_sinks.h"  // for stdout_color_mt
---

/home/valerii/workspace/Nexium/sources/RawDataManagement/JsonAdapter.h should add these lines:
#include "JustReflectMe/NlohmannJson.h"  // for json, basic_json
#include "glm/ext/vector_float2.hpp"     // for vec2
#include "glm/ext/vector_int2.hpp"       // for ivec2
#include "glm/fwd.hpp"                   // for ivec3, ivec4, vec3, vec4
namespace Core { struct Color3; }
namespace Core { struct Color4; }
namespace Core { struct NormColor3; }
namespace Core { struct NormColor4; }

/home/valerii/workspace/Nexium/sources/RawDataManagement/JsonAdapter.h should remove these lines:
- #include "Core/Color.h"  // lines 27-27
- #include "nlohmann/json.hpp"  // lines 30-30

The full include-list for /home/valerii/workspace/Nexium/sources/RawDataManagement/JsonAdapter.h:
#include <optional>                      // for optional, nullopt
#include "Core/Size.h"                   // for FSize2, FSize3, ISize2, ISize3
#include "JustReflectMe/Adapter.h"       // for R_FRIEND
#include "JustReflectMe/NlohmannJson.h"  // for json, basic_json
#include "glm/ext/vector_float2.hpp"     // for vec2
#include "glm/ext/vector_int2.hpp"       // for ivec2
#include "glm/fwd.hpp"                   // for ivec3, ivec4, vec3, vec4
namespace Core { struct Color3; }
namespace Core { struct Color4; }
namespace Core { struct NormColor3; }
namespace Core { struct NormColor4; }
---

/home/valerii/workspace/Nexium/sources/RawDataManagement/JsonAdapter.cpp should add these lines:
#include "Core/Color.h"              // for Color4, NormColor4, Color3, Norm...
#include "glm/detail/qualifier.hpp"  // for qualifier

/home/valerii/workspace/Nexium/sources/RawDataManagement/JsonAdapter.cpp should remove these lines:

The full include-list for /home/valerii/workspace/Nexium/sources/RawDataManagement/JsonAdapter.cpp:
#include "JsonAdapter.h"
#include <cstdint>                   // for uint8_t
#include "Core/Color.h"              // for Color4, NormColor4, Color3, Norm...
#include "glm/detail/qualifier.hpp"  // for qualifier
---

[387/743] Building CXX object sources/RawDataManagement/CMakeFiles/__RawDataManagement.dir/DataStream.cpp.o
Warning: include-what-you-use reported diagnostics:

/home/valerii/workspace/Nexium/sources/RawDataManagement/DataStream.h should add these lines:
#include <errno.h>                       // for errno
#include <stdint.h>                      // for uint32_t, uint8_t
#include <concepts>                      // for derived_from
#include <cstring>                       // for strerror, size_t
#include <exception>                     // for exception
#include <filesystem>                    // for path
#include <iterator>                      // for istreambuf_iterator, operator==
#include <string>                        // for basic_string, string
#include <unordered_map>                 // for unordered_map
#include <utility>                       // for pair
#include <vector>                        // for vector
#include "JustReflectMe/NlohmannJson.h"  // for basic_json, json

/home/valerii/workspace/Nexium/sources/RawDataManagement/DataStream.h should remove these lines:
- #include "DataStream.generated.h"  // lines 355-355
- #include "nlohmann/json.hpp"  // lines 32-32

The full include-list for /home/valerii/workspace/Nexium/sources/RawDataManagement/DataStream.h:
#include <errno.h>                       // for errno
#include <stdint.h>                      // for uint32_t, uint8_t
#include <concepts>                      // for derived_from
#include <cstring>                       // for strerror, size_t
#include <exception>                     // for exception
#include <filesystem>                    // for path
#include <fstream>                       // for basic_ifstream, ifstream
#include <functional>                    // for function
#include <iterator>                      // for istreambuf_iterator, operator==
#include <string>                        // for basic_string, string
#include <type_traits>                   // for remove_reference_t
#include <unordered_map>                 // for unordered_map
#include <utility>                       // for pair
#include <vector>                        // for vector
#include "Core/IntrusivePtr.h"           // for IntrusivePtr, IntrusiveRefCo...
#include "Core/Singleton.h"              // for SINGLETONS_FRIEND, Singleton
#include "Core/String.h"                 // for StringAtom, hash
#include "JustReflectMe/Adapter.h"       // for RJsonResourceStream, RResour...
#include "JustReflectMe/NlohmannJson.h"  // for basic_json, json
#include "Misc/BaseLog.h"                // for BaseLog
namespace Core { class DataStream; }  // lines 40-40
---

/home/valerii/workspace/Nexium/sources/RawDataManagement/DataStream.cpp should add these lines:
#include <memory>                             // for shared_ptr
#include <system_error>                       // for error_code
#include "Core/BaseAssert.h"                  // for Assert

/home/valerii/workspace/Nexium/sources/RawDataManagement/DataStream.cpp should remove these lines:

The full include-list for /home/valerii/workspace/Nexium/sources/RawDataManagement/DataStream.cpp:
#include "DataStream.h"
#include <filesystem>                         // for path, exists, operator/
#include <fstream>                            // for basic_ofstream, basic_i...
#include <memory>                             // for shared_ptr
#include <system_error>                       // for error_code
#include "Core/BaseAssert.h"                  // for Assert
#include "Misc/BaseLog.h"                     // for GlobalLog, globalLog
#include "Misc/Configs.h"                     // for config, data
#include "spdlog/sinks/stdout_color_sinks.h"  // for stdout_color_mt
---

[600/743] Building CXX object sources/ECS/CMakeFiles/__ECS.dir/ModuleInfo.cpp.o
Warning: include-what-you-use reported diagnostics:

(/home/valerii/workspace/Nexium/sources/ECS/ModuleInfo.h has correct #includes/fwd-decls)

/home/valerii/workspace/Nexium/sources/ECS/ModuleInfo.cpp should add these lines:
#include <memory>                             // for shared_ptr
#include <string>                             // for basic_string

/home/valerii/workspace/Nexium/sources/ECS/ModuleInfo.cpp should remove these lines:
- #include "Misc/BaseLog.h"  // lines 27-27

The full include-list for /home/valerii/workspace/Nexium/sources/ECS/ModuleInfo.cpp:
#include "ModuleInfo.h"
#include <memory>                             // for shared_ptr
#include <string>                             // for basic_string
#include "spdlog/sinks/stdout_color_sinks.h"  // for stdout_color_mt
---

[601/743] Linking CXX static library lib/libassimpd.a
[602/743] Building CXX object sources/ECS/CMakeFiles/__ECS.dir/Transformable.cpp.o
Warning: include-what-you-use reported diagnostics:

/home/valerii/workspace/Nexium/sources/ECS/Transformable.h should add these lines:
#include <utility>                      // for swap
#include "glm/detail/qualifier.hpp"     // for qualifier
#include "glm/detail/type_mat4x4.inl"   // for mat<>::mat<4, 4, T, Q>
#include "glm/detail/type_vec3.inl"     // for vec<>::vec<3, T, Q>
#include "glm/detail/type_vec4.inl"     // for vec<>::vec<4, T, Q>
#include "glm/ext/matrix_float4x4.hpp"  // for mat4
#include "glm/ext/vector_float3.hpp"    // for vec3

/home/valerii/workspace/Nexium/sources/ECS/Transformable.h should remove these lines:
- #include "Transformable.generated.h"  // lines 144-144

The full include-list for /home/valerii/workspace/Nexium/sources/ECS/Transformable.h:
#include <utility>                      // for swap
#include "Core/Position.h"              // for GlobalPosition2F, GlobalPosit...
#include "JustReflectMe/Adapter.h"      // for FIELD, CLASS, RLogsCollector
#include "glm/detail/qualifier.hpp"     // for qualifier
#include "glm/detail/type_mat4x4.inl"   // for mat<>::mat<4, 4, T, Q>
#include "glm/detail/type_vec3.inl"     // for vec<>::vec<3, T, Q>
#include "glm/detail/type_vec4.inl"     // for vec<>::vec<4, T, Q>
#include "glm/ext/matrix_float4x4.hpp"  // for mat4
#include "glm/ext/vector_float3.hpp"    // for vec3
---

/home/valerii/workspace/Nexium/sources/ECS/Transformable.cpp should add these lines:
#include <cmath>                              // for cos, sin, fmod
#include "glm/detail/func_exponential.inl"    // for inversesqrt
#include "glm/detail/func_geometric.inl"      // for normalize, cross
#include "glm/detail/func_trigonometric.inl"  // for radians
#include "glm/detail/type_vec2.inl"           // for vec<>::vec<2, T, Q>
#include "glm/ext/matrix_transform.inl"       // for translate, rotate, scale
#include "glm/ext/vector_float2.hpp"          // for vec2

/home/valerii/workspace/Nexium/sources/ECS/Transformable.cpp should remove these lines:
- #include "glm/ext/matrix_transform.hpp"  // lines 27-27

The full include-list for /home/valerii/workspace/Nexium/sources/ECS/Transformable.cpp:
#include "Transformable.h"
#include <cmath>                              // for cos, sin, fmod
#include "glm/detail/func_exponential.inl"    // for inversesqrt
#include "glm/detail/func_geometric.inl"      // for normalize, cross
#include "glm/detail/func_trigonometric.inl"  // for radians
#include "glm/detail/type_vec2.inl"           // for vec<>::vec<2, T, Q>
#include "glm/ext/matrix_transform.inl"       // for translate, rotate, scale
#include "glm/ext/vector_float2.hpp"          // for vec2
#include "glm/gtx/string_cast.hpp"  // lines 30-30
---

[603/743] Building CXX object sources/CMakeFiles/__Nexium.dir/AssetsManager/ModuleInfo.cpp.o
Warning: include-what-you-use reported diagnostics:

(/home/valerii/workspace/Nexium/sources/AssetsManager/ModuleInfo.h has correct #includes/fwd-decls)

/home/valerii/workspace/Nexium/sources/AssetsManager/ModuleInfo.cpp should add these lines:
#include <memory>                             // for shared_ptr
#include <string>                             // for basic_string

/home/valerii/workspace/Nexium/sources/AssetsManager/ModuleInfo.cpp should remove these lines:
- #include "Misc/BaseLog.h"  // lines 27-27

The full include-list for /home/valerii/workspace/Nexium/sources/AssetsManager/ModuleInfo.cpp:
#include "ModuleInfo.h"
#include <memory>                             // for shared_ptr
#include <string>                             // for basic_string
#include "spdlog/sinks/stdout_color_sinks.h"  // for stdout_color_mt
---

[604/743] Building CXX object sources/ECS/CMakeFiles/__ECS.dir/BaseComponent.cpp.o
Warning: include-what-you-use reported diagnostics:

/home/valerii/workspace/Nexium/sources/ECS/BaseComponent.h should add these lines:
#include <concepts>                         // for derived_from
#include <cstring>                          // for memcpy, size_t, memcmp
#include <functional>                       // for invoke, function
#include <optional>                         // for optional
#include <ranges>                           // for range_value_t, range
#include <type_traits>                      // for remove_reference_t, condi...
#include <unordered_map>                    // for unordered_map
#include <utility>                          // for forward, swap, move
#include <vector>                           // for vector, swap
#include "Core/BaseAssert.h"                // for Assert, Verify
#include "Core/Singleton.h"                 // for SINGLETONS_FRIEND, Singleton
#include "Core/String.h"                    // for StringAtom, hash, BaseString
#include "JustReflectMe/Adapter.h"          // for RJsonResourceStream, FIELD
#include "JustReflectMe/NlohmannJson.h"     // for json, basic_json
namespace Core { class GlobalComponentFactory; }
namespace Core { struct InvalidComponent; }

/home/valerii/workspace/Nexium/sources/ECS/BaseComponent.h should remove these lines:
- #include "BaseComponent.generated.h"  // lines 1163-1163

The full include-list for /home/valerii/workspace/Nexium/sources/ECS/BaseComponent.h:
#include <concepts>                         // for derived_from
#include <cstring>                          // for memcpy, size_t, memcmp
#include <functional>                       // for invoke, function
#include <optional>                         // for optional
#include <queue>                            // for queue
#include <ranges>                           // for range_value_t, range
#include <stack>                            // for stack
#include <type_traits>                      // for remove_reference_t, condi...
#include <typeindex>                        // for type_index, hash
#include <unordered_map>                    // for unordered_map
#include <unordered_set>                    // for unordered_set
#include <utility>                          // for forward, swap, move
#include <vector>                           // for vector, swap
#include "Core/BaseAssert.h"                // for Assert, Verify
#include "Core/IntrusivePtr.h"              // for IntrusivePtr, IntrusiveRe...
#include "Core/Singleton.h"                 // for SINGLETONS_FRIEND, Singleton
#include "Core/String.h"                    // for StringAtom, hash, BaseString
#include "JustReflectMe/Adapter.h"          // for RJsonResourceStream, FIELD
#include "JustReflectMe/NlohmannJson.h"     // for json, basic_json
#include "Misc/BaseLog.h"                   // for BaseLog
#include "RawDataManagement/JsonAdapter.h"  // for to_json
namespace Core { class BaseComponent; }  // lines 254-254
namespace Core { class GlobalComponentFactory; }
namespace Core { struct InvalidComponent; }
---

/home/valerii/workspace/Nexium/sources/ECS/BaseComponent.cpp should add these lines:
#include <algorithm>                      // for __remove_if_fn, find, remov...
#include "ECS/BaseComponent.generated.h"  // for R

/home/valerii/workspace/Nexium/sources/ECS/BaseComponent.cpp should remove these lines:

The full include-list for /home/valerii/workspace/Nexium/sources/ECS/BaseComponent.cpp:
#include "BaseComponent.h"
#include <algorithm>                      // for __remove_if_fn, find, remov...
#include "ECS/BaseComponent.generated.h"  // for R
#include "ModuleInfo.h"                   // for getLogger
---

[605/743] Building CXX object sources/CMakeFiles/__Nexium.dir/AssimpMisc/AssimpHelper.cpp.o
[606/743] Building CXX object sources/CMakeFiles/__Nexium.dir/AssetsManager/AssetImpls/Factory.cpp.o
Warning: include-what-you-use reported diagnostics:

/home/valerii/workspace/Nexium/sources/AssetsManager/AssetImpls/Factory.h should add these lines:
#include <string.h>                  // for memcpy, strlen, strstr
#include <memory>                    // for unique_ptr, make_unique
#include <typeindex>                 // for hash, type_index
#include <typeinfo>                  // for type_info
#include <utility>                   // for pair
#include "Misc/BaseLog.h"            // for GlobalLog, globalLog

/home/valerii/workspace/Nexium/sources/AssetsManager/AssetImpls/Factory.h should remove these lines:

The full include-list for /home/valerii/workspace/Nexium/sources/AssetsManager/AssetImpls/Factory.h:
#include <string.h>                  // for memcpy, strlen, strstr
#include <memory>                    // for unique_ptr, make_unique
#include <typeindex>                 // for hash, type_index
#include <typeinfo>                  // for type_info
#include <unordered_map>             // for unordered_map, operator==
#include <utility>                   // for pair
#include "AssetsManager/ECSAsset.h"  // for ECSAssetImpl, IsAssetImpl
#include "Core/Singleton.h"          // for SINGLETONS_FRIEND, Singleton
#include "Core/String.h"             // for StringFormatter
#include "Misc/BaseLog.h"            // for GlobalLog, globalLog
---

(/home/valerii/workspace/Nexium/sources/AssetsManager/AssetImpls/Factory.cpp has correct #includes/fwd-decls)

[607/743] Building CXX object sources/CMakeFiles/__Nexium.dir/AssetsManager/TextureAtlas.cpp.o
Warning: include-what-you-use reported diagnostics:

/home/valerii/workspace/Nexium/sources/AssetsManager/TextureAtlas.h should add these lines:
#include <vector>                     // for vector
#include "glad/glad.h"                // for GLuint
namespace Core { class Image; }

/home/valerii/workspace/Nexium/sources/AssetsManager/TextureAtlas.h should remove these lines:
- #include "Graphics/Image.h"  // lines 29-29

The full include-list for /home/valerii/workspace/Nexium/sources/AssetsManager/TextureAtlas.h:
#include <filesystem>                 // for path
#include <unordered_map>              // for unordered_map
#include <vector>                     // for vector
#include "Core/Rect.h"                // for FRect
#include "Core/String.h"              // for StringAtom, hash
#include "Graphics/Texture.h"         // for Texture
#include "Misc/BaseLog.h"             // for BaseLog
#include "Rectpack2D/empty_spaces.h"  // for flipping_option
#include "glad/glad.h"                // for GLuint
namespace Core { class Image; }
---

/home/valerii/workspace/Nexium/sources/AssetsManager/TextureAtlas.cpp should add these lines:
#include <cstring>                         // for memcpy, strlen, strstr
#include <stdexcept>                       // for runtime_error
#include <string>                          // for basic_string, char_traits
#include <utility>                         // for move, pair
#include "Core/BaseAssert.h"               // for Assert
#include "Core/Position.h"                 // for GlobalPosition2F
#include "Graphics/Image.generated.h"      // for R
#include "Graphics/Image.h"                // for Image
#include "Rectpack2D/best_bin_finder.h"    // for callback_result
#include "Rectpack2D/rect_structs.h"       // for rect_xywhf, rect_wh

/home/valerii/workspace/Nexium/sources/AssetsManager/TextureAtlas.cpp should remove these lines:

The full include-list for /home/valerii/workspace/Nexium/sources/AssetsManager/TextureAtlas.cpp:
#include "TextureAtlas.h"
#include <cstring>                         // for memcpy, strlen, strstr
#include <filesystem>                      // for path, recursive_directory_...
#include <stdexcept>                       // for runtime_error
#include <string>                          // for basic_string, char_traits
#include <utility>                         // for move, pair
#include "AssetsManager/ModuleInfo.h"      // for getLogger
#include "Core/BaseAssert.h"               // for Assert
#include "Core/Position.h"                 // for GlobalPosition2F
#include "Core/Rect.h"                     // for Rect, FRect
#include "Core/String.h"                   // for hash, StringFormatter, Str...
#include "Graphics/Image.generated.h"      // for R
#include "Graphics/Image.h"                // for Image
#include "Rectpack2D/best_bin_finder.h"    // for callback_result
#include "Rectpack2D/finders_interface.h"  // for default_empty_spaces, outp...
#include "Rectpack2D/rect_structs.h"       // for rect_xywhf, rect_wh
---

[608/743] Building CXX object sources/CMakeFiles/__Nexium.dir/AssetsManager/BaseAsset.cpp.o
Warning: include-what-you-use reported diagnostics:

/home/valerii/workspace/Nexium/sources/AssetsManager/BaseAsset.h should add these lines:
#include <stdint.h>                      // for uint32_t
#include <string.h>                      // for memcpy
#include <concepts>                      // for derived_from
#include <filesystem>                    // for path
#include <type_traits>                   // for remove_reference_t
#include "Core/BaseAssert.h"             // for Assert
#include "JustReflectMe/Adapter.h"       // for CLASS, RJsonResourceStream (...
#include "JustReflectMe/NlohmannJson.h"  // for json
namespace Core { class DataStream; }

/home/valerii/workspace/Nexium/sources/AssetsManager/BaseAsset.h should remove these lines:
- #include "../RawDataManagement/DataStream.h"  // lines 27-27
- #include "BaseAsset.generated.h"  // lines 202-202
- #include "nlohmann/json.hpp"  // lines 30-30

The full include-list for /home/valerii/workspace/Nexium/sources/AssetsManager/BaseAsset.h:
#include <stdint.h>                      // for uint32_t
#include <string.h>                      // for memcpy
#include <concepts>                      // for derived_from
#include <filesystem>                    // for path
#include <type_traits>                   // for remove_reference_t
#include "Core/BaseAssert.h"             // for Assert
#include "Core/String.h"                 // for StringAtom
#include "JustReflectMe/Adapter.h"       // for CLASS, RJsonResourceStream (...
#include "JustReflectMe/NlohmannJson.h"  // for json
#include "Misc/BaseLog.h"                // for BaseLog
namespace Core { class DataStream; }
---

/home/valerii/workspace/Nexium/sources/AssetsManager/BaseAsset.cpp should add these lines:
#include <exception>                            // for exception
#include <stdexcept>                            // for runtime_error
#include <string>                               // for basic_string, string
#include <utility>                              // for get
#include <vector>                               // for vector
#include "AssetsManager/BaseAsset.generated.h"  // for R
#include "RawDataManagement/DataStream.h"       // for DataStream

/home/valerii/workspace/Nexium/sources/AssetsManager/BaseAsset.cpp should remove these lines:
- #include "../Misc/Configs.h"  // lines 27-27

The full include-list for /home/valerii/workspace/Nexium/sources/AssetsManager/BaseAsset.cpp:
#include "BaseAsset.h"
#include <exception>                            // for exception
#include <fstream>                              // for basic_ofstream, basic...
#include <stdexcept>                            // for runtime_error
#include <string>                               // for basic_string, string
#include <utility>                              // for get
#include <vector>                               // for vector
#include "AssetsManager/BaseAsset.generated.h"  // for R
#include "ModuleInfo.h"                         // for getLogger
#include "RawDataManagement/DataStream.h"       // for DataStream
#include "Utils/Functions.h"                    // for GetTextFileContentAs
---

[609/743] Building CXX object sources/CMakeFiles/__Nexium.dir/AssetsManager/TextureAsset.cpp.o
Warning: include-what-you-use reported diagnostics:

/home/valerii/workspace/Nexium/sources/AssetsManager/TextureAsset.h should add these lines:
#include <filesystem>                       // for path
#include "Core/Size.h"                      // for ISize2
#include "Core/String.h"                    // for StringAtom
#include "Graphics/Image.h"                 // for Image
#include "JustReflectMe/Adapter.h"          // for FIELD, CLASS

/home/valerii/workspace/Nexium/sources/AssetsManager/TextureAsset.h should remove these lines:
- #include "TextureAsset.generated.h"  // lines 86-86

The full include-list for /home/valerii/workspace/Nexium/sources/AssetsManager/TextureAsset.h:
#include <filesystem>                       // for path
#include "BaseAsset.h"                      // for BaseAsset, AssetRef
#include "Core/Size.h"                      // for ISize2
#include "Core/String.h"                    // for StringAtom
#include "Graphics/Image.h"                 // for Image
#include "Graphics/Texture.h"               // for Texture
#include "JustReflectMe/Adapter.h"          // for FIELD, CLASS
#include "RawDataManagement/JsonAdapter.h"  // for R_FRIEND_DECL
---

/home/valerii/workspace/Nexium/sources/AssetsManager/TextureAsset.cpp should add these lines:
#include "Core/BaseAssert.h"  // for Assert

/home/valerii/workspace/Nexium/sources/AssetsManager/TextureAsset.cpp should remove these lines:

The full include-list for /home/valerii/workspace/Nexium/sources/AssetsManager/TextureAsset.cpp:
#include "TextureAsset.h"
#include "Core/BaseAssert.h"  // for Assert
#include "Misc/Configs.h"     // for projectAbsPath
---

[610/743] Building CXX object sources/CMakeFiles/__Nexium.dir/AssetsManager/ECSAsset.cpp.o
Warning: include-what-you-use reported diagnostics:

/home/valerii/workspace/Nexium/sources/AssetsManager/ECSAsset.h should add these lines:
#include <stdint.h>                      // for uint32_t, uint16_t
#include <string.h>                      // for size_t, memcpy
#include <concepts>                      // for derived_from
#include <memory>                        // for unique_ptr
#include <type_traits>                   // for remove_reference_t
#include <utility>                       // for forward
#include "Core/BaseAssert.h"             // for Assert, Verify
#include "Core/String.h"                 // for StringAtom
#include "JustReflectMe/Adapter.h"       // for ENUM_CLASS
#include "JustReflectMe/NlohmannJson.h"  // for json
#include "Misc/BaseLog.h"                // for BaseLog

/home/valerii/workspace/Nexium/sources/AssetsManager/ECSAsset.h should remove these lines:
- #include "ECSAsset.generated.h"  // lines 219-219

The full include-list for /home/valerii/workspace/Nexium/sources/AssetsManager/ECSAsset.h:
#include <stdint.h>                      // for uint32_t, uint16_t
#include <string.h>                      // for size_t, memcpy
#include <concepts>                      // for derived_from
#include <filesystem>                    // for path
#include <memory>                        // for unique_ptr
#include <type_traits>                   // for remove_reference_t
#include <utility>                       // for forward
#include "Core/BaseAssert.h"             // for Assert, Verify
#include "Core/IntrusivePtr.h"           // for IntrusivePtr, IntrusiveRefCo...
#include "Core/String.h"                 // for StringAtom
#include "ECS/BaseComponent.h"           // for BaseComponent, IsComponent
#include "JustReflectMe/Adapter.h"       // for ENUM_CLASS
#include "JustReflectMe/NlohmannJson.h"  // for json
#include "Misc/BaseLog.h"                // for BaseLog
namespace Core { class ECSAsset; }  // lines 34-34
---

/home/valerii/workspace/Nexium/sources/AssetsManager/ECSAsset.cpp should add these lines:
#include <exception>             // for exception
#include <fstream>               // for basic_fstream, basic_ios, fstream, ios
#include <optional>              // for optional
#include <stdexcept>             // for runtime_error
#include <string>                // for basic_string, char_traits, operator+
#include <typeindex>             // for type_index
#include <vector>                // for vector

/home/valerii/workspace/Nexium/sources/AssetsManager/ECSAsset.cpp should remove these lines:
- #include "nlohmann/json.hpp"  // lines 30-30

The full include-list for /home/valerii/workspace/Nexium/sources/AssetsManager/ECSAsset.cpp:
#include "ECSAsset.h"
#include <exception>             // for exception
#include <fstream>               // for basic_fstream, basic_ios, fstream, ios
#include <optional>              // for optional
#include <stdexcept>             // for runtime_error
#include <string>                // for basic_string, char_traits, operator+
#include <typeindex>             // for type_index
#include <vector>                // for vector
#include "AssetImpls/Factory.h"  // for Factory, GetFactory
#include "ModuleInfo.h"          // for getLogger
#include "Utils/Functions.h"     // for GetFileContent, GetTextFileContentAs
---

[611/743] Building CXX object sources/CMakeFiles/__Nexium.dir/AssetsManager/Mesh3DAsset.cpp.o
Warning: include-what-you-use reported diagnostics:

/home/valerii/workspace/Nexium/sources/AssetsManager/Mesh3DAsset.h should add these lines:
#include <filesystem>                              // for path
#include "Core/String.h"                           // for StringAtom
#include "JustReflectMe/NlohmannJson.h"            // for json, basic_json

/home/valerii/workspace/Nexium/sources/AssetsManager/Mesh3DAsset.h should remove these lines:
- #include "Graphics/Texture.h"  // lines 30-30
- #include "assimp/postprocess.h"  // lines 31-31

The full include-list for /home/valerii/workspace/Nexium/sources/AssetsManager/Mesh3DAsset.h:
#include <filesystem>                              // for path
#include "BaseActorAsset.h"                        // for BaseActorAsset
#include "BaseAsset.h"                             // for AssetRef
#include "Core/String.h"                           // for StringAtom
#include "Graphics/Primitives/StaticMeshBundle.h"  // for StaticMeshBundle
#include "JustReflectMe/NlohmannJson.h"            // for json, basic_json
---

/home/valerii/workspace/Nexium/sources/AssetsManager/Mesh3DAsset.cpp should add these lines:
#include <cstring>                                  // for memcpy, size_t
#include <string>                                   // for basic_string
#include "Core/BaseAssert.h"                        // for Verify
#include "Graphics/ShaderManager.h"                 // for ShaderManager
#include "Misc/Configs.h"                           // for projectAbsPath

/home/valerii/workspace/Nexium/sources/AssetsManager/Mesh3DAsset.cpp should remove these lines:

The full include-list for /home/valerii/workspace/Nexium/sources/AssetsManager/Mesh3DAsset.cpp:
#include "Mesh3DAsset.h"
#include <cstring>                                  // for memcpy, size_t
#include <string>                                   // for basic_string
#include "Core/BaseAssert.h"                        // for Verify
#include "GameplaySystem/Framework/GameInstance.h"  // for GetShaderManager
#include "Graphics/ShaderManager.h"                 // for ShaderManager
#include "Misc/Configs.h"                           // for projectAbsPath
#include "assimp/Importer.hpp"                      // for Importer
#include "assimp/postprocess.h"                     // for aiPostProcessSteps
#include "assimp/scene.h"                           // for aiScene
---

[612/743] Building CXX object sources/CMakeFiles/__Nexium.dir/AssetsManager/AssetImpls/StaticMeshBundle.cpp.o
Warning: include-what-you-use reported diagnostics:

/home/valerii/workspace/Nexium/sources/AssetsManager/AssetImpls/StaticMeshBundle.h should add these lines:
#include <filesystem>                              // for path
#include <string>                                  // for basic_string, string
#include <vector>                                  // for vector
#include "Core/String.h"                           // for StringAtom
#include "JustReflectMe/Adapter.h"                 // for FIELD, CLASS, RJso...
#include "JustReflectMe/NlohmannJson.h"            // for json, basic_json

/home/valerii/workspace/Nexium/sources/AssetsManager/AssetImpls/StaticMeshBundle.h should remove these lines:
- #include "StaticMeshBundle.generated.h"  // lines 85-85

The full include-list for /home/valerii/workspace/Nexium/sources/AssetsManager/AssetImpls/StaticMeshBundle.h:
#include <filesystem>                              // for path
#include <string>                                  // for basic_string, string
#include <vector>                                  // for vector
#include "../ECSAsset.h"                           // for ECSAssetImpl
#include "Core/String.h"                           // for StringAtom
#include "Graphics/Primitives/StaticMeshBundle.h"  // for StaticMeshBundle
#include "JustReflectMe/Adapter.h"                 // for FIELD, CLASS, RJso...
#include "JustReflectMe/NlohmannJson.h"            // for json, basic_json
---

/home/valerii/workspace/Nexium/sources/AssetsManager/AssetImpls/StaticMeshBundle.cpp should add these lines:
#include <string.h>                                               // for memcpy
#include <memory>                                                 // for uni...
#include <optional>                                               // for opt...
#include <utility>                                                // for get
#include "AssetsManager/AssetImpls/StaticMeshBundle.generated.h"  // for R
#include "AssetsManager/ECSAsset.h"                               // for Ass...
#include "Core/BaseAssert.h"                                      // for Assert
#include "ECS/BaseComponent.h"                                    // for Bas...
#include "Graphics/ShaderManager.h"                               // for Sha...
#include "Misc/BaseLog.h"                                         // for Glo...
#include "Misc/Configs.h"                                         // for pro...
#include "Scene/Scene.h"                                          // for Scene

/home/valerii/workspace/Nexium/sources/AssetsManager/AssetImpls/StaticMeshBundle.cpp should remove these lines:

The full include-list for /home/valerii/workspace/Nexium/sources/AssetsManager/AssetImpls/StaticMeshBundle.cpp:
#include "StaticMeshBundle.h"
#include <string.h>                                               // for memcpy
#include <memory>                                                 // for uni...
#include <optional>                                               // for opt...
#include <utility>                                                // for get
#include "AssetsManager/AssetImpls/StaticMeshBundle.generated.h"  // for R
#include "AssetsManager/ECSAsset.h"                               // for Ass...
#include "AssimpMisc/AssimpHelper.h"                              // for aiP...
#include "Core/BaseAssert.h"                                      // for Assert
#include "ECS/BaseComponent.h"                                    // for Bas...
#include "GameplaySystem/Framework/GameInstance.h"                // for Gam...
#include "Graphics/ShaderManager.h"                               // for Sha...
#include "Misc/BaseLog.h"                                         // for Glo...
#include "Misc/Configs.h"                                         // for pro...
#include "Scene/Scene.h"                                          // for Scene
#include "assimp/Importer.hpp"                                    // for Imp...
#include "assimp/scene.h"                                         // for aiS...
---

[613/743] Building CXX object sources/CMakeFiles/__Nexium.dir/AssetsManager/AssetsManager.cpp.o
Warning: include-what-you-use reported diagnostics:

/home/valerii/workspace/Nexium/sources/AssetsManager/AssetsManager.h should add these lines:
#include <cstddef>                       // for size_t
#include <filesystem>                    // for path, directory_entry
#include <string>                        // for string
#include <vector>                        // for vector
#include "AssetsManager/BaseAsset.h"     // for AssetRef, BaseAsset
#include "Core/BaseAssert.h"             // for Assert
#include "Core/String.h"                 // for StringAtom, hash
#include "JustReflectMe/Adapter.h"       // for ENUM_CLASS
#include "Misc/BaseLog.h"                // for BaseLog

/home/valerii/workspace/Nexium/sources/AssetsManager/AssetsManager.h should remove these lines:
- #include "AssetsManager.generated.h"  // lines 213-213
- #include "Utils/Functions.h"  // lines 31-31

The full include-list for /home/valerii/workspace/Nexium/sources/AssetsManager/AssetsManager.h:
#include <cstddef>                       // for size_t
#include <filesystem>                    // for path, directory_entry
#include <set>                           // for set
#include <string>                        // for string
#include <unordered_map>                 // for unordered_map
#include <vector>                        // for vector
#include "AssetsManager/BaseAsset.h"     // for AssetRef, BaseAsset
#include "AssetsManager/TextureAtlas.h"  // for TextureAtlas
#include "Core/BaseAssert.h"             // for Assert
#include "Core/String.h"                 // for StringAtom, hash
#include "ECSAsset.h"                    // for AssetAction, NXAsset, WeakNX...
#include "JustReflectMe/Adapter.h"       // for ENUM_CLASS
#include "Misc/BaseLog.h"                // for BaseLog
#include "SkyboxAsset.h"                 // for NXSkybox
#include "TextureAsset.h"                // for NXTexture
---

/home/valerii/workspace/Nexium/sources/AssetsManager/AssetsManager.cpp should add these lines:
#include <stdio.h>                                  // for FILE, fgets, pclose
#include <string.h>                                 // for memcpy, strlen
#include <cstdlib>                                  // for system
#include <functional>                               // for function
#include <utility>                                  // for pair, get, move
#include "AssetsManager/ECSAsset.h"                 // for ECSAsset, NXAsset
#include "AssetsManager/SkyboxAsset.h"              // for NXSkybox, SkyboxA...
#include "AssetsManager/TextureAsset.h"             // for NXTexture, Textur...
#include "Core/IntrusivePtr.h"                      // for IntrusivePtr
#include "Editor/GameEditor.h"                      // for GameEditor

/home/valerii/workspace/Nexium/sources/AssetsManager/AssetsManager.cpp should remove these lines:

The full include-list for /home/valerii/workspace/Nexium/sources/AssetsManager/AssetsManager.cpp:
#include "AssetsManager.h"
#include <stdio.h>                                  // for FILE, fgets, pclose
#include <string.h>                                 // for memcpy, strlen
#include <array>                                    // for array
#include <cstdlib>                                  // for system
#include <functional>                               // for function
#include <memory>                                   // for unique_ptr
#include <utility>                                  // for pair, get, move
#include "AssetsManager/ECSAsset.h"                 // for ECSAsset, NXAsset
#include "AssetsManager/SkyboxAsset.h"              // for NXSkybox, SkyboxA...
#include "AssetsManager/TextureAsset.h"             // for NXTexture, Textur...
#include "Core/IntrusivePtr.h"                      // for IntrusivePtr
#include "Editor/GameEditor.h"                      // for GameEditor
#include "Editor/Windows/ImageViewer.h"             // for ImageViewerEWC
#include "Editor/Windows/NxECSBasedEditor.h"        // for NxECSBasedEditorEWC
#include "Editor/Windows/NxTextureEditor.h"         // for NxTextureEditorEWC
#include "Editor/Windows/TextEditor.h"              // for TextEditorEWC
#include "GameplaySystem/Framework/GameInstance.h"  // for GetAssetsManager
#include "Misc/Configs.h"                           // for projectAbsPath, data
#include "ModuleInfo.h"                             // for getLogger
---

[614/743] Building CXX object sources/CMakeFiles/__Nexium.dir/AssetsManager/SkyboxAsset.cpp.o
Warning: include-what-you-use reported diagnostics:

/home/valerii/workspace/Nexium/sources/AssetsManager/SkyboxAsset.h should add these lines:
#include <array>                            // for array
#include <filesystem>                       // for path
#include "Core/String.h"                    // for StringAtom
#include "JustReflectMe/Adapter.h"          // for FIELD, CLASS, ENUM_CLASS

/home/valerii/workspace/Nexium/sources/AssetsManager/SkyboxAsset.h should remove these lines:
- #include "Graphics/Texture.h"  // lines 29-29
- #include "SkyboxAsset.generated.h"  // lines 83-83

The full include-list for /home/valerii/workspace/Nexium/sources/AssetsManager/SkyboxAsset.h:
#include <array>                            // for array
#include <filesystem>                       // for path
#include "BaseAsset.h"                      // for BaseAsset, AssetRef
#include "Core/String.h"                    // for StringAtom
#include "Graphics/GraphicsComponents.h"    // for InterleavedGraphicsData
#include "JustReflectMe/Adapter.h"          // for FIELD, CLASS, ENUM_CLASS
#include "RawDataManagement/JsonAdapter.h"  // for R_FRIEND_DECL
---

/home/valerii/workspace/Nexium/sources/AssetsManager/SkyboxAsset.cpp should add these lines:
#include <cmath>                                    // for cos, sin
#include <cstddef>                                  // for size_t
#include <memory>                                   // for unique_ptr
#include <utility>                                  // for move
#include <vector>                                   // for vector
#include "GameplaySystem/Camera.h"                  // for BaseCamera
#include "Graphics/Image.h"                         // for Image
#include "Graphics/ShaderManager.h"                 // for ShaderManager
#include "Graphics/ShaderProgram.h"                 // for ShaderProgram
#include "Misc/Configs.h"                           // for projectAbsPath
#include "glad/glad.h"                              // for GL_TEXTURE_CUBE_MAP
#include "glm/detail/func_exponential.inl"          // for inversesqrt
#include "glm/detail/func_geometric.inl"            // for normalize
#include "glm/detail/func_trigonometric.inl"        // for radians
#include "glm/detail/qualifier.hpp"                 // for qualifier
#include "glm/detail/type_mat4x4.inl"               // for mat<>::operator[]
#include "glm/detail/type_vec3.inl"                 // for vec<>::operator[]
#include "glm/detail/type_vec4.inl"                 // for vec<>::operator[]
#include "glm/ext/matrix_float4x4.hpp"              // for mat4
#include "glm/ext/matrix_transform.inl"             // for rotate
#include "glm/fwd.hpp"                              // for vec3

/home/valerii/workspace/Nexium/sources/AssetsManager/SkyboxAsset.cpp should remove these lines:

The full include-list for /home/valerii/workspace/Nexium/sources/AssetsManager/SkyboxAsset.cpp:
#include "SkyboxAsset.h"
#include <cmath>                                    // for cos, sin
#include <cstddef>                                  // for size_t
#include <memory>                                   // for unique_ptr
#include <utility>                                  // for move
#include <vector>                                   // for vector
#include "GameplaySystem/Camera.h"                  // for BaseCamera
#include "GameplaySystem/Framework/GameInstance.h"  // for GetShaderManager
#include "Graphics/Image.h"                         // for Image
#include "Graphics/ShaderManager.h"                 // for ShaderManager
#include "Graphics/ShaderProgram.h"                 // for ShaderProgram
#include "Misc/Configs.h"                           // for projectAbsPath
#include "glad/glad.h"                              // for GL_TEXTURE_CUBE_MAP
#include "glm/detail/func_exponential.inl"          // for inversesqrt
#include "glm/detail/func_geometric.inl"            // for normalize
#include "glm/detail/func_trigonometric.inl"        // for radians
#include "glm/detail/qualifier.hpp"                 // for qualifier
#include "glm/detail/type_mat4x4.inl"               // for mat<>::operator[]
#include "glm/detail/type_vec3.inl"                 // for vec<>::operator[]
#include "glm/detail/type_vec4.inl"                 // for vec<>::operator[]
#include "glm/ext/matrix_float4x4.hpp"              // for mat4
#include "glm/ext/matrix_transform.inl"             // for rotate
#include "glm/fwd.hpp"                              // for vec3
---

[615/743] Building CXX object sources/CMakeFiles/__Nexium.dir/Editor/GuiComponents/Misc.cpp.o
Warning: include-what-you-use reported diagnostics:

(/home/valerii/workspace/Nexium/sources/Editor/GuiComponents/Misc.h has correct #includes/fwd-decls)

/home/valerii/workspace/Nexium/sources/Editor/GuiComponents/Misc.cpp should add these lines:
#include "glm/detail/qualifier.hpp"  // for qualifier
#include "glm/detail/type_vec2.inl"  // for vec<>::vec<2, T, Q>

/home/valerii/workspace/Nexium/sources/Editor/GuiComponents/Misc.cpp should remove these lines:

The full include-list for /home/valerii/workspace/Nexium/sources/Editor/GuiComponents/Misc.cpp:
#include "Misc.h"
#include "ImGui/imgui_internal.h"    // for ImGuiWindow, GetCurrentWindow
#include "glm/detail/qualifier.hpp"  // for qualifier
#include "glm/detail/type_vec2.inl"  // for vec<>::vec<2, T, Q>
---

[616/743] Building CXX object sources/CMakeFiles/__Nexium.dir/Editor/Gizmo.cpp.o
Warning: include-what-you-use reported diagnostics:

/home/valerii/workspace/Nexium/sources/Editor/Gizmo.h should add these lines:
#include <optional>                                // for optional
#include <vector>                                  // for vector
#include "ECS/BaseComponent.h"                     // for BaseComponent, ECS...
#include "JustReflectMe/Adapter.h"                 // for ENUM_CLASS
#include "glm/ext/matrix_float4x4.hpp"             // for mat4
#include "glm/fwd.hpp"                             // for vec3
namespace Core { class StaticMesh; }
namespace Core { class Transformable; }

/home/valerii/workspace/Nexium/sources/Editor/Gizmo.h should remove these lines:
- #include <filesystem>  // lines 34-34
- #include "../GameplaySystem/Entities/Actor.h"  // lines 27-27
- #include "../Misc/Configs.h"  // lines 28-28
- #include "Core/Delegate.h"  // lines 29-29
- #include "Gizmo.generated.h"  // lines 84-84
- #include "InputDevices/InputAction.h"  // lines 32-32

The full include-list for /home/valerii/workspace/Nexium/sources/Editor/Gizmo.h:
#include <optional>                                // for optional
#include <vector>                                  // for vector
#include "ECS/BaseComponent.h"                     // for BaseComponent, ECS...
#include "Graphics/Primitives/StaticMeshBundle.h"  // for StaticMeshBundle
#include "Graphics/Window.h"                       // for DragAndDrop
#include "JustReflectMe/Adapter.h"                 // for ENUM_CLASS
#include "glm/ext/matrix_float4x4.hpp"             // for mat4
#include "glm/fwd.hpp"                             // for vec3
namespace Core { class StaticMesh; }
namespace Core { class Transformable; }
---

/home/valerii/workspace/Nexium/sources/Editor/Gizmo.cpp should add these lines:
#include <ctype.h>                                  // for toupper
#include <string.h>                                 // for memcmp, memcpy
#include <cmath>                                    // for sqrt
#include <filesystem>                               // for path, operator/
#include <memory>                                   // for unique_ptr, make_...
#include <ranges>                                   // for _Elements, elemen...
#include <string>                                   // for basic_string
#include <unordered_map>                            // for operator==, unord...
#include "Core/BaseAssert.h"                        // for Verify
#include "Core/IntrusivePtr.h"                      // for IntrusivePtr
#include "ECS/Transformable.h"                      // for Transformable
#include "Editor/ObjectSelectorManager.h"           // for ObjectSelectorMan...
#include "GameplaySystem/Camera.h"                  // for BaseCamera
#include "Graphics/Primitives/StaticMesh.h"         // for StaticMesh
#include "Graphics/ShaderManager.h"                 // for ShaderManager
#include "Misc/Configs.h"                           // for objects3d
#include "glad/glad.h"                              // for glDepthFunc, GL_A...
#include "glm/detail/func_geometric.inl"            // for length
#include "glm/detail/qualifier.hpp"                 // for qualifier
#include "glm/detail/type_mat4x4.inl"               // for mat<>::operator[]
#include "glm/detail/type_vec3.hpp"                 // for vec
#include "glm/detail/type_vec3.inl"                 // for vec<>::operator[]
#include "glm/detail/type_vec4.inl"                 // for vec<>::operator[]
#include "glm/ext/matrix_transform.inl"             // for translate

/home/valerii/workspace/Nexium/sources/Editor/Gizmo.cpp should remove these lines:

The full include-list for /home/valerii/workspace/Nexium/sources/Editor/Gizmo.cpp:
#include "Gizmo.h"
#include <ctype.h>                                  // for toupper
#include <string.h>                                 // for memcmp, memcpy
#include <cmath>                                    // for sqrt
#include <filesystem>                               // for path, operator/
#include <memory>                                   // for unique_ptr, make_...
#include <ranges>                                   // for _Elements, elemen...
#include <string>                                   // for basic_string
#include <unordered_map>                            // for operator==, unord...
#include "Core/BaseAssert.h"                        // for Verify
#include "Core/IntrusivePtr.h"                      // for IntrusivePtr
#include "ECS/Transformable.h"                      // for Transformable
#include "Editor/ObjectSelectorManager.h"           // for ObjectSelectorMan...
#include "GameplaySystem/Camera.h"                  // for BaseCamera
#include "GameplaySystem/Framework/GameInstance.h"  // for GameInstance, gGa...
#include "Graphics/Primitives/StaticMesh.h"         // for StaticMesh
#include "Graphics/ShaderManager.h"                 // for ShaderManager
#include "Misc/Configs.h"                           // for objects3d
#include "assimp/Importer.hpp"                      // for Importer
#include "assimp/postprocess.h"                     // for aiPostProcessSteps
#include "assimp/scene.h"                           // for aiScene
#include "glad/glad.h"                              // for glDepthFunc, GL_A...
#include "glm/detail/func_geometric.inl"            // for length
#include "glm/detail/qualifier.hpp"                 // for qualifier
#include "glm/detail/type_mat4x4.inl"               // for mat<>::operator[]
#include "glm/detail/type_vec3.hpp"                 // for vec
#include "glm/detail/type_vec3.inl"                 // for vec<>::operator[]
#include "glm/detail/type_vec4.inl"                 // for vec<>::operator[]
#include "glm/ext/matrix_transform.inl"             // for translate
---

[617/743] Building CXX object sources/CMakeFiles/__Nexium.dir/Editor/GuiComponents/Array.cpp.o
Warning: include-what-you-use reported diagnostics:

/home/valerii/workspace/Nexium/sources/Editor/GuiComponents/Array.h should add these lines:
#include <cstring>                          // for size_t, memcpy, strlen
#include <type_traits>                      // for is_const_v
#include <utility>                          // for move
#include <vector>                           // for vector
#include "Core/BaseAssert.h"                // for Verify, Assert
#include "Core/IntrusivePtr.h"              // for IntrusivePtr
#include "Core/String.h"                    // for StringAtom
#include "ECS/BaseComponent.h"              // for BaseComponent, BRACKETS
#include "Editor/GuiComponents/Widget.h"    // for Align, Flex
#include "JustReflectMe/Adapter.h"          // for CLASS
#include "RawDataManagement/JsonAdapter.h"  // for R_FRIEND_DECL

/home/valerii/workspace/Nexium/sources/Editor/GuiComponents/Array.h should remove these lines:
- #include "Array.generated.h"  // lines 317-317
- #include "Input.h"  // lines 30-30
- namespace Core { namespace Gui { class Button; } }  // lines 37-37
- namespace Core { namespace Gui { class Label; } }  // lines 38-38

The full include-list for /home/valerii/workspace/Nexium/sources/Editor/GuiComponents/Array.h:
#include <cstring>                          // for size_t, memcpy, strlen
#include <type_traits>                      // for is_const_v
#include <utility>                          // for move
#include <vector>                           // for vector
#include "Button.h"                         // for Button
#include "Core/BaseAssert.h"                // for Verify, Assert
#include "Core/Delegate.h"                  // for Delegate, DelegateSubscri...
#include "Core/IntrusivePtr.h"              // for IntrusivePtr
#include "Core/String.h"                    // for StringAtom
#include "ECS/BaseComponent.h"              // for BaseComponent, BRACKETS
#include "Editor/GuiComponents/Widget.h"    // for Align, Flex
#include "HorizontalLayout.h"               // for HorizontalLayout
#include "JustReflectMe/Adapter.h"          // for CLASS
#include "Label.h"                          // for Label
#include "Misc/IconsFontAwesome.h"          // for ICON_FA_TRASH
#include "RawDataManagement/JsonAdapter.h"  // for R_FRIEND_DECL
#include "VerticalLayout.h"                 // for VerticalLayout
---

/home/valerii/workspace/Nexium/sources/Editor/GuiComponents/Array.cpp should add these lines:
#include "Editor/GuiComponents/HorizontalLayout.h"  // for HorizontalLayout
#include "Editor/GuiComponents/Label.h"             // for Label

/home/valerii/workspace/Nexium/sources/Editor/GuiComponents/Array.cpp should remove these lines:

The full include-list for /home/valerii/workspace/Nexium/sources/Editor/GuiComponents/Array.cpp:
#include "Array.h"
#include "Editor/GuiComponents/HorizontalLayout.h"  // for HorizontalLayout
#include "Editor/GuiComponents/Label.h"             // for Label
---

[618/743] Building CXX object sources/CMakeFiles/__Nexium.dir/Editor/GameEditor.cpp.o
Warning: include-what-you-use reported diagnostics:

/home/valerii/workspace/Nexium/sources/Editor/GameEditor.h should add these lines:
#include <string.h>                     // for memcpy, strlen
#include <utility>                      // for move
#include <vector>                       // for vector
#include "Core/BaseAssert.h"            // for Verify
#include "Core/Delegate.h"              // for DelegateSubscriberPoolGuard
#include "Core/IntrusivePtr.h"          // for IntrusivePtr
#include "Core/String.h"                // for StringAtom, operator+
#include "ImGui/imgui.h"                // for ImGuiConfigFlags_
#include "InputDevices/InputAction.h"   // for MouseInputAction
#include "glm/ext/vector_float2.hpp"    // for vec2
namespace Core { class StaticMesh; }

/home/valerii/workspace/Nexium/sources/Editor/GameEditor.h should remove these lines:
- #include "Gizmo.h"  // lines 27-27

The full include-list for /home/valerii/workspace/Nexium/sources/Editor/GameEditor.h:
#include <string.h>                     // for memcpy, strlen
#include <utility>                      // for move
#include <vector>                       // for vector
#include "Core/BaseAssert.h"            // for Verify
#include "Core/Delegate.h"              // for DelegateSubscriberPoolGuard
#include "Core/IntrusivePtr.h"          // for IntrusivePtr
#include "Core/String.h"                // for StringAtom, operator+
#include "ImGui/imgui.h"                // for ImGuiConfigFlags_
#include "InputDevices/InputAction.h"   // for MouseInputAction
#include "InputDevices/InputManager.h"  // for KeyboardInputManger, MouseInp...
#include "Misc/BaseLog.h"               // for BaseLog
#include "SlowObjectPicker.h"           // for SlowObjectPicker
#include "Windows/BaseWindow.h"         // for BaseEWC, IsEditorWindowCompon...
#include "glm/ext/vector_float2.hpp"    // for vec2
namespace Core { class StaticMesh; }
---

/home/valerii/workspace/Nexium/sources/Editor/GameEditor.cpp should add these lines:
#include <filesystem>                               // for path, exists
#include <functional>                               // for function
#include <memory>                                   // for unique_ptr
#include <string>                                   // for basic_string, ope...
#include "Core/Color.h"                             // for Color4, NormColor4
#include "Core/Size.h"                              // for Size, ISize2
#include "Editor/ObjectSelectorManager.h"           // for ObjectSelectorMan...
#include "Editor/SlowObjectPicker.h"                // for SlowObjectPicker
#include "Editor/Windows/BaseWindow.h"              // for BaseEWC
#include "Graphics/Primitives/StaticMesh.h"         // for StaticMesh
#include "Graphics/Primitives/StaticMeshBundle.h"   // for StaticMeshBundle
#include "Graphics/RenderTargetToTexture.h"         // for RenderTargetToTex...
#include "Graphics/Window.h"                        // for DragAndDrop, GetW...
#include "InputDevices/Keyboard.h"                  // for Keyboard
#include "InputDevices/Mouse.h"                     // for Mouse
#include "Misc/Configs.h"                           // for editorFont, fontA...
#include "RawDataManagement/DataStream.h"           // for CacheSystem, GetC...
#include "glad/glad.h"                              // for GL_VERSION, glGet...
#include "glm/detail/qualifier.hpp"                 // for qualifier
#include "glm/detail/type_vec2.hpp"                 // for vec
#include "glm/detail/type_vec2.inl"                 // for vec<>::vec<2, T, Q>
#include "glm/fwd.hpp"                              // for vec4

/home/valerii/workspace/Nexium/sources/Editor/GameEditor.cpp should remove these lines:
- #include "Windows/ECSAdapters/BaseComponentAdapter.h"  // lines 42-42
- #include "Windows/ECSAdapters/EditorStaticMeshBundleAdapter.h"  // lines 43-43
- namespace Core { class NxTextureEditorEWC; }  // lines 80-80

The full include-list for /home/valerii/workspace/Nexium/sources/Editor/GameEditor.cpp:
#include "GameEditor.h"
#include <filesystem>                               // for path, exists
#include <functional>                               // for function
#include <memory>                                   // for unique_ptr
#include <string>                                   // for basic_string, ope...
#include "Core/Color.h"                             // for Color4, NormColor4
#include "Core/Size.h"                              // for Size, ISize2
#include "Editor/ObjectSelectorManager.h"           // for ObjectSelectorMan...
#include "Editor/SlowObjectPicker.h"                // for SlowObjectPicker
#include "Editor/Windows/AssetsManagerWindow.h"     // for AssetsManagerWind...
#include "Editor/Windows/BaseWindow.h"              // for BaseEWC
#include "Editor/Windows/EditorMenuBarWindow.h"     // for EditorMenuBarWind...
#include "Editor/Windows/EditorSettings.h"          // for EditorSettingsEWC
#include "Editor/Windows/GameViewport.h"            // for GameViewportEWC
#include "Editor/Windows/LogsWindow.h"              // for LogsWindowEWC
#include "Editor/Windows/ObjectPropertiesWindow.h"  // for ObjectPropertiesW...
#include "Editor/Windows/RootDockWindow.h"          // for RootDockWindowEWC
#include "Editor/Windows/SceneTreeWindow.h"         // for SceneTreeWindowEWC
#include "Editor/Windows/ShaderManager.h"           // for ShaderManagerEWC
#include "Editor/Windows/TextEditor.h"              // for TextEditorEWC
#include "GameplaySystem/Framework/GameInstance.h"  // for GameInstance, gGa...
#include "Graphics/Primitives/StaticMesh.h"         // for StaticMesh
#include "Graphics/Primitives/StaticMeshBundle.h"   // for StaticMeshBundle
#include "Graphics/RenderTargetToTexture.h"         // for RenderTargetToTex...
#include "Graphics/Window.h"                        // for DragAndDrop, GetW...
#include "ImGui/backends/imgui_impl_glfw.h"         // for ImGui_ImplGlfw_In...
#include "ImGui/backends/imgui_impl_opengl3.h"      // for ImGui_ImplOpenGL3...
#include "InputDevices/Keyboard.h"                  // for Keyboard
#include "InputDevices/Mouse.h"                     // for Mouse
#include "Misc/Configs.h"                           // for editorFont, fontA...
#include "Misc/IconsFontAwesome.h"                  // for ICON_MAX_FA, ICON...
#include "ModuleInfo.h"                             // for getLogger
#include "RawDataManagement/DataStream.h"           // for CacheSystem, GetC...
#include "Windows/ImageViewer.h"                    // for ImageViewerEWC
#include "Windows/ModalAssetsSearchPopUp.h"         // for ModalAssetsSearch...
#include "Windows/ModalECSSearchPopUp.h"            // for ModalECSSearchPop...
#include "Windows/ModalPopUp.h"                     // for ModalPopUp
#include "Windows/NxECSBasedEditor.h"               // for NxECSBasedEditorEWC
#include "Windows/NxTextureEditor.h"                // for NxTextureEditorEWC
#include "Windows/WorldLightning.h"                 // for WorldLightningEWC
#include "glad/glad.h"                              // for GL_VERSION, glGet...
#include "glm/detail/qualifier.hpp"                 // for qualifier
#include "glm/detail/type_vec2.hpp"                 // for vec
#include "glm/detail/type_vec2.inl"                 // for vec<>::vec<2, T, Q>
#include "glm/fwd.hpp"                              // for vec4
---

[619/743] Building CXX object sources/CMakeFiles/__Nexium.dir/Editor/GuiComponents/Button.cpp.o
Warning: include-what-you-use reported diagnostics:

/home/valerii/workspace/Nexium/sources/Editor/GuiComponents/Button.h should add these lines:
#include <optional>                         // for optional
#include "Core/BaseAssert.h"                // for Assert
#include "Core/Color.h"                     // for Color4
#include "Core/String.h"                    // for StringAtom
#include "ECS/BaseComponent.h"              // for BaseComponent, ECS_COMPON...
#include "JustReflectMe/Adapter.h"          // for FIELD, CLASS
#include "RawDataManagement/JsonAdapter.h"  // for R_FRIEND_DECL
#include "glm/detail/qualifier.hpp"         // for qualifier
#include "glm/ext/vector_float2.hpp"        // for vec2

/home/valerii/workspace/Nexium/sources/Editor/GuiComponents/Button.h should remove these lines:
- #include "Button.generated.h"  // lines 202-202

The full include-list for /home/valerii/workspace/Nexium/sources/Editor/GuiComponents/Button.h:
#include <optional>                         // for optional
#include "AssetsManager/TextureAsset.h"     // for NXTexture
#include "Core/BaseAssert.h"                // for Assert
#include "Core/Color.h"                     // for Color4
#include "Core/Delegate.h"                  // for Delegate
#include "Core/String.h"                    // for StringAtom
#include "ECS/BaseComponent.h"              // for BaseComponent, ECS_COMPON...
#include "JustReflectMe/Adapter.h"          // for FIELD, CLASS
#include "RawDataManagement/JsonAdapter.h"  // for R_FRIEND_DECL
#include "Widget.h"                         // for Widget
#include "glm/detail/qualifier.hpp"         // for qualifier
#include "glm/ext/vector_float2.hpp"        // for vec2
---

/home/valerii/workspace/Nexium/sources/Editor/GuiComponents/Button.cpp should add these lines:
#include "Editor/GuiComponents/Widget.h"  // for OptPushStyleColor, OptPushS...
#include "Graphics/Texture.h"             // for Texture
#include "glm/detail/type_vec2.hpp"       // for vec
#include "glm/detail/type_vec2.inl"       // for operator+, operator-, vec<>...
#include "glm/detail/type_vec4.inl"       // for vec<>::vec<4, T, Q>
#include "glm/ext/vector_float4.hpp"      // for vec4

/home/valerii/workspace/Nexium/sources/Editor/GuiComponents/Button.cpp should remove these lines:

The full include-list for /home/valerii/workspace/Nexium/sources/Editor/GuiComponents/Button.cpp:
#include "Button.h"
#include <algorithm>                      // for max
#include "Editor/GuiComponents/Widget.h"  // for OptPushStyleColor, OptPushS...
#include "Graphics/Texture.h"             // for Texture
#include "ImGui/imgui.h"                  // for ImGuiCol_, ImGuiStyle, GetC...
#include "ImGui/imgui_internal.h"         // for ImRect, ImGuiWindow, CalcIt...
#include "glm/detail/type_vec2.hpp"       // for vec
#include "glm/detail/type_vec2.inl"       // for operator+, operator-, vec<>...
#include "glm/detail/type_vec4.inl"       // for vec<>::vec<4, T, Q>
#include "glm/ext/vector_float4.hpp"      // for vec4
---

[620/743] Building CXX object sources/CMakeFiles/__Nexium.dir/Editor/GuiComponents/CheckBox.cpp.o
Warning: include-what-you-use reported diagnostics:

/home/valerii/workspace/Nexium/sources/Editor/GuiComponents/CheckBox.h should add these lines:
#include "ECS/BaseComponent.h"              // for BaseComponent, ECS_COMPON...
#include "JustReflectMe/Adapter.h"          // for FIELD, CLASS
#include "RawDataManagement/JsonAdapter.h"  // for R_FRIEND_DECL
#include "glm/detail/qualifier.hpp"         // for qualifier
#include "glm/detail/type_vec2.inl"         // for vec<>::vec<2, T, Q>
#include "glm/ext/vector_float2.hpp"        // for vec2

/home/valerii/workspace/Nexium/sources/Editor/GuiComponents/CheckBox.h should remove these lines:
- #include "CheckBox.generated.h"  // lines 67-67

The full include-list for /home/valerii/workspace/Nexium/sources/Editor/GuiComponents/CheckBox.h:
#include "Core/Delegate.h"                  // for Delegate
#include "ECS/BaseComponent.h"              // for BaseComponent, ECS_COMPON...
#include "JustReflectMe/Adapter.h"          // for FIELD, CLASS
#include "RawDataManagement/JsonAdapter.h"  // for R_FRIEND_DECL
#include "Widget.h"                         // for Widget
#include "glm/detail/qualifier.hpp"         // for qualifier
#include "glm/detail/type_vec2.inl"         // for vec<>::vec<2, T, Q>
#include "glm/ext/vector_float2.hpp"        // for vec2
---

/home/valerii/workspace/Nexium/sources/Editor/GuiComponents/CheckBox.cpp should add these lines:
#include "Core/BaseAssert.h"              // for Assert
#include "Editor/GuiComponents/Widget.h"  // for Widget
#include "ImGui/imgui.h"                  // for Checkbox, GetFrameHeight

/home/valerii/workspace/Nexium/sources/Editor/GuiComponents/CheckBox.cpp should remove these lines:

The full include-list for /home/valerii/workspace/Nexium/sources/Editor/GuiComponents/CheckBox.cpp:
#include "CheckBox.h"
#include "Core/BaseAssert.h"              // for Assert
#include "Editor/GuiComponents/Widget.h"  // for Widget
#include "ImGui/imgui.h"                  // for Checkbox, GetFrameHeight
---

[621/743] Building CXX object sources/CMakeFiles/__Nexium.dir/Editor/GuiComponents/Combo.cpp.o
Warning: include-what-you-use reported diagnostics:

/home/valerii/workspace/Nexium/sources/Editor/GuiComponents/Combo.h should add these lines:
#include <algorithm>                        // for min
#include <cstring>                          // for size_t, memcpy
#include <functional>                       // for function
#include <utility>                          // for pair, move
#include <vector>                           // for vector
#include "Core/String.h"                    // for StringAtom
#include "ECS/BaseComponent.h"              // for BaseComponent, ECS_COMPON...
#include "JustReflectMe/Adapter.h"          // for CLASS, FIELD
#include "RawDataManagement/JsonAdapter.h"  // for R_FRIEND_DECL
#include "glm/detail/qualifier.hpp"         // for qualifier
#include "glm/detail/type_vec2.inl"         // for vec<>::vec<2, T, Q>
#include "glm/ext/vector_float2.hpp"        // for vec2

/home/valerii/workspace/Nexium/sources/Editor/GuiComponents/Combo.h should remove these lines:
- #include "Combo.generated.h"  // lines 137-137

The full include-list for /home/valerii/workspace/Nexium/sources/Editor/GuiComponents/Combo.h:
#include <algorithm>                        // for min
#include <cstring>                          // for size_t, memcpy
#include <functional>                       // for function
#include <utility>                          // for pair, move
#include <vector>                           // for vector
#include "Core/Delegate.h"                  // for Delegate
#include "Core/String.h"                    // for StringAtom
#include "ECS/BaseComponent.h"              // for BaseComponent, ECS_COMPON...
#include "JustReflectMe/Adapter.h"          // for CLASS, FIELD
#include "RawDataManagement/JsonAdapter.h"  // for R_FRIEND_DECL
#include "Widget.h"                         // for Widget
#include "glm/detail/qualifier.hpp"         // for qualifier
#include "glm/detail/type_vec2.inl"         // for vec<>::vec<2, T, Q>
#include "glm/ext/vector_float2.hpp"        // for vec2
---

/home/valerii/workspace/Nexium/sources/Editor/GuiComponents/Combo.cpp should add these lines:
#include "Core/BaseAssert.h"              // for Verify
#include "Editor/GuiComponents/Widget.h"  // for Widget
#include "ImGui/imgui.h"                  // for BeginCombo, EndCombo, PopIt...

/home/valerii/workspace/Nexium/sources/Editor/GuiComponents/Combo.cpp should remove these lines:
- #include "ImGui/imgui_internal.h"  // lines 27-27
- #include "ImGui/misc/cpp/imgui_stdlib.h"  // lines 28-28

The full include-list for /home/valerii/workspace/Nexium/sources/Editor/GuiComponents/Combo.cpp:
#include "Combo.h"
#include "Core/BaseAssert.h"              // for Verify
#include "Editor/GuiComponents/Widget.h"  // for Widget
#include "ImGui/imgui.h"                  // for BeginCombo, EndCombo, PopIt...
---

[622/743] Building CXX object sources/CMakeFiles/__Nexium.dir/Editor/GuiComponents/HorizontalLayout.cpp.o
Warning: include-what-you-use reported diagnostics:

/home/valerii/workspace/Nexium/sources/Editor/GuiComponents/HorizontalLayout.h should add these lines:
#include <vector>                           // for vector
#include "Core/String.h"                    // for StringAtom
#include "ECS/BaseComponent.h"              // for BaseComponent, ECS_COMPON...
#include "Editor/GuiComponents/Widget.h"    // for Flex
#include "JustReflectMe/Adapter.h"          // for FIELD, CLASS
#include "RawDataManagement/JsonAdapter.h"  // for R_FRIEND_DECL

/home/valerii/workspace/Nexium/sources/Editor/GuiComponents/HorizontalLayout.h should remove these lines:
- #include "HorizontalLayout.generated.h"  // lines 87-87

The full include-list for /home/valerii/workspace/Nexium/sources/Editor/GuiComponents/HorizontalLayout.h:
#include <vector>                           // for vector
#include "Core/String.h"                    // for StringAtom
#include "ECS/BaseComponent.h"              // for BaseComponent, ECS_COMPON...
#include "Editor/GuiComponents/Widget.h"    // for Flex
#include "JustReflectMe/Adapter.h"          // for FIELD, CLASS
#include "Layout.h"                         // for Layout
#include "RawDataManagement/JsonAdapter.h"  // for R_FRIEND_DECL
---

/home/valerii/workspace/Nexium/sources/Editor/GuiComponents/HorizontalLayout.cpp should add these lines:
#include <algorithm>                      // for __max_element_fn, max, max_...
#include <cstddef>                        // for size_t
#include <optional>                       // for optional
#include "Core/BaseAssert.h"              // for Assert
#include "Core/IntrusivePtr.h"            // for IntrusivePtr
#include "Editor/GuiComponents/Layout.h"  // for Layout
#include "ImGui/imgui.h"                  // for ImGuiStyle, SetCursorPosX
#include "glm/detail/qualifier.hpp"       // for qualifier
#include "glm/detail/type_vec2.inl"       // for vec<>::vec<2, T, Q>
#include "glm/ext/vector_float2.hpp"      // for vec2

/home/valerii/workspace/Nexium/sources/Editor/GuiComponents/HorizontalLayout.cpp should remove these lines:
- #include "ImGui/imgui_internal.h"  // lines 27-27

The full include-list for /home/valerii/workspace/Nexium/sources/Editor/GuiComponents/HorizontalLayout.cpp:
#include "HorizontalLayout.h"
#include <algorithm>                      // for __max_element_fn, max, max_...
#include <cstddef>                        // for size_t
#include <optional>                       // for optional
#include "Core/BaseAssert.h"              // for Assert
#include "Core/IntrusivePtr.h"            // for IntrusivePtr
#include "Editor/GuiComponents/Layout.h"  // for Layout
#include "ImGui/imgui.h"                  // for ImGuiStyle, SetCursorPosX
#include "glm/detail/qualifier.hpp"       // for qualifier
#include "glm/detail/type_vec2.inl"       // for vec<>::vec<2, T, Q>
#include "glm/ext/vector_float2.hpp"      // for vec2
---

[623/743] Building CXX object sources/CMakeFiles/__Nexium.dir/Editor/ModuleInfo.cpp.o
Warning: include-what-you-use reported diagnostics:

(/home/valerii/workspace/Nexium/sources/Editor/ModuleInfo.h has correct #includes/fwd-decls)

/home/valerii/workspace/Nexium/sources/Editor/ModuleInfo.cpp should add these lines:
#include <memory>                             // for shared_ptr
#include <string>                             // for basic_string

/home/valerii/workspace/Nexium/sources/Editor/ModuleInfo.cpp should remove these lines:
- #include "Misc/BaseLog.h"  // lines 27-27

The full include-list for /home/valerii/workspace/Nexium/sources/Editor/ModuleInfo.cpp:
#include "ModuleInfo.h"
#include <memory>                             // for shared_ptr
#include <string>                             // for basic_string
#include "spdlog/sinks/stdout_color_sinks.h"  // for stdout_color_mt
---

[624/743] Building CXX object sources/CMakeFiles/__Nexium.dir/Editor/GuiComponents/Layout.cpp.o
Warning: include-what-you-use reported diagnostics:

/home/valerii/workspace/Nexium/sources/Editor/GuiComponents/Layout.h should add these lines:
#include <optional>                         // for optional
#include "ECS/BaseComponent.h"              // for BaseComponent, ECS_COMPON...
#include "JustReflectMe/Adapter.h"          // for FIELD, CLASS
#include "RawDataManagement/JsonAdapter.h"  // for R_FRIEND_DECL
#include "glm/detail/type_vec4.inl"         // for vec<>::vec<4, T, Q>
#include "glm/fwd.hpp"                      // for vec4

/home/valerii/workspace/Nexium/sources/Editor/GuiComponents/Layout.h should remove these lines:
- #include "Layout.generated.h"  // lines 81-81

The full include-list for /home/valerii/workspace/Nexium/sources/Editor/GuiComponents/Layout.h:
#include <optional>                         // for optional
#include "ECS/BaseComponent.h"              // for BaseComponent, ECS_COMPON...
#include "JustReflectMe/Adapter.h"          // for FIELD, CLASS
#include "RawDataManagement/JsonAdapter.h"  // for R_FRIEND_DECL
#include "Widget.h"                         // for Align, Widget
#include "glm/detail/type_vec4.inl"         // for vec<>::vec<4, T, Q>
#include "glm/fwd.hpp"                      // for vec4
---

/home/valerii/workspace/Nexium/sources/Editor/GuiComponents/Layout.cpp should add these lines:
#include <vector>                         // for vector
#include "Core/IntrusivePtr.h"            // for IntrusivePtr
#include "Editor/GuiComponents/Widget.h"  // for Widget, Flex (ptr only)

/home/valerii/workspace/Nexium/sources/Editor/GuiComponents/Layout.cpp should remove these lines:

The full include-list for /home/valerii/workspace/Nexium/sources/Editor/GuiComponents/Layout.cpp:
#include "Layout.h"
#include <vector>                         // for vector
#include "Core/IntrusivePtr.h"            // for IntrusivePtr
#include "Editor/GuiComponents/Widget.h"  // for Widget, Flex (ptr only)
---

[625/743] Building CXX object sources/CMakeFiles/__Nexium.dir/Editor/GuiComponents/Label.cpp.o
Warning: include-what-you-use reported diagnostics:

/home/valerii/workspace/Nexium/sources/Editor/GuiComponents/Label.h should add these lines:
#include <string.h>                         // for memcpy
#include <optional>                         // for optional
#include "Core/Color.h"                     // for Color4
#include "Core/String.h"                    // for StringAtom
#include "ECS/BaseComponent.h"              // for BaseComponent, ECS_COMPON...
#include "JustReflectMe/Adapter.h"          // for FIELD, CLASS
#include "RawDataManagement/JsonAdapter.h"  // for R_FRIEND_DECL
#include "glm/detail/qualifier.hpp"         // for qualifier
#include "glm/ext/vector_float2.hpp"        // for vec2

/home/valerii/workspace/Nexium/sources/Editor/GuiComponents/Label.h should remove these lines:
- #include "Label.generated.h"  // lines 98-98

The full include-list for /home/valerii/workspace/Nexium/sources/Editor/GuiComponents/Label.h:
#include <string.h>                         // for memcpy
#include <optional>                         // for optional
#include "Core/Color.h"                     // for Color4
#include "Core/String.h"                    // for StringAtom
#include "ECS/BaseComponent.h"              // for BaseComponent, ECS_COMPON...
#include "JustReflectMe/Adapter.h"          // for FIELD, CLASS
#include "RawDataManagement/JsonAdapter.h"  // for R_FRIEND_DECL
#include "Widget.h"                         // for Widget, Align
#include "glm/detail/qualifier.hpp"         // for qualifier
#include "glm/ext/vector_float2.hpp"        // for vec2
---

/home/valerii/workspace/Nexium/sources/Editor/GuiComponents/Label.cpp should add these lines:
#include "Editor/GuiComponents/Widget.h"  // for Align, OptPushStyleColor
#include "ImGui/imgui.h"                  // for CalcTextSize, SetCursorPosX
#include "glm/detail/type_vec2.hpp"       // for vec
#include "glm/detail/type_vec2.inl"       // for vec<>::vec<2, T, Q>

/home/valerii/workspace/Nexium/sources/Editor/GuiComponents/Label.cpp should remove these lines:

The full include-list for /home/valerii/workspace/Nexium/sources/Editor/GuiComponents/Label.cpp:
#include "Label.h"
#include "Editor/GuiComponents/Widget.h"  // for Align, OptPushStyleColor
#include "ImGui/imgui.h"                  // for CalcTextSize, SetCursorPosX
#include "ImGui/imgui_internal.h"         // for ImGuiTextFlags_, TextEx
#include "glm/detail/type_vec2.hpp"       // for vec
#include "glm/detail/type_vec2.inl"       // for vec<>::vec<2, T, Q>
---

[626/743] Building CXX object sources/CMakeFiles/__Nexium.dir/Editor/GuiComponents/List.cpp.o
Warning: include-what-you-use reported diagnostics:

/home/valerii/workspace/Nexium/sources/Editor/GuiComponents/List.h should add these lines:
#include <algorithm>                        // for min
#include <cstring>                          // for size_t, memcpy
#include <functional>                       // for function
#include <utility>                          // for pair, move
#include <vector>                           // for vector
#include "Core/String.h"                    // for StringAtom
#include "ECS/BaseComponent.h"              // for BaseComponent, ECS_COMPON...
#include "JustReflectMe/Adapter.h"          // for CLASS, FIELD
#include "RawDataManagement/JsonAdapter.h"  // for R_FRIEND_DECL
#include "glm/detail/qualifier.hpp"         // for qualifier
#include "glm/detail/type_vec2.inl"         // for vec<>::vec<2, T, Q>
#include "glm/ext/vector_float2.hpp"        // for vec2

/home/valerii/workspace/Nexium/sources/Editor/GuiComponents/List.h should remove these lines:
- #include "List.generated.h"  // lines 139-139

The full include-list for /home/valerii/workspace/Nexium/sources/Editor/GuiComponents/List.h:
#include <algorithm>                        // for min
#include <cstring>                          // for size_t, memcpy
#include <functional>                       // for function
#include <utility>                          // for pair, move
#include <vector>                           // for vector
#include "Core/Delegate.h"                  // for Delegate
#include "Core/String.h"                    // for StringAtom
#include "ECS/BaseComponent.h"              // for BaseComponent, ECS_COMPON...
#include "JustReflectMe/Adapter.h"          // for CLASS, FIELD
#include "RawDataManagement/JsonAdapter.h"  // for R_FRIEND_DECL
#include "Widget.h"                         // for Widget
#include "glm/detail/qualifier.hpp"         // for qualifier
#include "glm/detail/type_vec2.inl"         // for vec<>::vec<2, T, Q>
#include "glm/ext/vector_float2.hpp"        // for vec2
---

/home/valerii/workspace/Nexium/sources/Editor/GuiComponents/List.cpp should add these lines:
#include "Core/BaseAssert.h"              // for Verify
#include "Editor/GuiComponents/Widget.h"  // for Widget
#include "ImGui/imgui.h"                  // for BeginListBox, EndListBox

/home/valerii/workspace/Nexium/sources/Editor/GuiComponents/List.cpp should remove these lines:

The full include-list for /home/valerii/workspace/Nexium/sources/Editor/GuiComponents/List.cpp:
#include "List.h"
#include "Core/BaseAssert.h"              // for Verify
#include "Editor/GuiComponents/Widget.h"  // for Widget
#include "ImGui/imgui.h"                  // for BeginListBox, EndListBox
---

[627/743] Building CXX object sources/CMakeFiles/__Nexium.dir/Editor/GuiComponents/Input.cpp.o
Warning: include-what-you-use reported diagnostics:

/home/valerii/workspace/Nexium/sources/Editor/GuiComponents/Input.h should add these lines:
#include <string.h>                         // for memcpy, strlen
#include <algorithm>                        // for clamp
#include <optional>                         // for optional
#include <string>                           // for string, basic_string
#include <type_traits>                      // for is_same_v
#include <utility>                          // for move
#include "Core/Color.h"                     // for Color4, NormColor3, Color3
#include "Core/String.h"                    // for StringAtom
#include "ECS/BaseComponent.h"              // for BaseComponent, ECS_COMPON...
#include "ImGui/imgui.h"                    // for ImGuiInputTextFlags_, Dra...
#include "JustReflectMe/Adapter.h"          // for FIELD, CLASS
#include "RawDataManagement/JsonAdapter.h"  // for R_FRIEND_DECL
#include "glm/detail/qualifier.hpp"         // for qualifier
#include "glm/ext/vector_float2.hpp"        // for vec2

/home/valerii/workspace/Nexium/sources/Editor/GuiComponents/Input.h should remove these lines:
- #include "Input.generated.h"  // lines 201-201

The full include-list for /home/valerii/workspace/Nexium/sources/Editor/GuiComponents/Input.h:
#include <string.h>                         // for memcpy, strlen
#include <algorithm>                        // for clamp
#include <limits>                           // for numeric_limits
#include <optional>                         // for optional
#include <string>                           // for string, basic_string
#include <type_traits>                      // for is_same_v
#include <utility>                          // for move
#include "Core/Color.h"                     // for Color4, NormColor3, Color3
#include "Core/Delegate.h"                  // for Delegate
#include "Core/String.h"                    // for StringAtom
#include "ECS/BaseComponent.h"              // for BaseComponent, ECS_COMPON...
#include "ImGui/imgui.h"                    // for ImGuiInputTextFlags_, Dra...
#include "JustReflectMe/Adapter.h"          // for FIELD, CLASS
#include "RawDataManagement/JsonAdapter.h"  // for R_FRIEND_DECL
#include "Utils/Concepts.h"                 // for IsArithmetic
#include "Widget.h"                         // for Widget
#include "glm/detail/qualifier.hpp"         // for qualifier
#include "glm/ext/vector_float2.hpp"        // for vec2
---

/home/valerii/workspace/Nexium/sources/Editor/GuiComponents/Input.cpp should add these lines:
#include "Core/BaseAssert.h"              // for Assert
#include "Editor/GuiComponents/Widget.h"  // for OptPushStyleColor, Widget
#include "glm/detail/type_vec2.inl"       // for operator==, vec<>::vec<2, T...
#include "glm/detail/type_vec3.inl"       // for operator!=, operator-, vec<...
#include "glm/detail/type_vec4.inl"       // for vec<>::vec<4, T, Q>
#include "glm/fwd.hpp"                    // for vec4, vec3

/home/valerii/workspace/Nexium/sources/Editor/GuiComponents/Input.cpp should remove these lines:

The full include-list for /home/valerii/workspace/Nexium/sources/Editor/GuiComponents/Input.cpp:
#include "Input.h"
#include "Core/BaseAssert.h"              // for Assert
#include "Editor/GuiComponents/Widget.h"  // for OptPushStyleColor, Widget
#include "ImGui/imgui_internal.h"         // for InputTextEx
#include "glm/detail/type_vec2.inl"       // for operator==, vec<>::vec<2, T...
#include "glm/detail/type_vec3.inl"       // for operator!=, operator-, vec<...
#include "glm/detail/type_vec4.inl"       // for vec<>::vec<4, T, Q>
#include "glm/fwd.hpp"                    // for vec4, vec3
---

[628/743] Building CXX object sources/CMakeFiles/__Nexium.dir/Editor/GuiComponents/Separator.cpp.o
Warning: include-what-you-use reported diagnostics:

/home/valerii/workspace/Nexium/sources/Editor/GuiComponents/Separator.h should add these lines:
#include "Core/BaseAssert.h"                // for Assert
#include "ECS/BaseComponent.h"              // for BaseComponent, ECS_COMPON...
#include "JustReflectMe/Adapter.h"          // for CLASS
#include "RawDataManagement/JsonAdapter.h"  // for R_FRIEND_DECL

/home/valerii/workspace/Nexium/sources/Editor/GuiComponents/Separator.h should remove these lines:
- #include "Separator.generated.h"  // lines 48-48

The full include-list for /home/valerii/workspace/Nexium/sources/Editor/GuiComponents/Separator.h:
#include "Core/BaseAssert.h"                // for Assert
#include "ECS/BaseComponent.h"              // for BaseComponent, ECS_COMPON...
#include "JustReflectMe/Adapter.h"          // for CLASS
#include "RawDataManagement/JsonAdapter.h"  // for R_FRIEND_DECL
#include "Widget.h"                         // for Widget
---

/home/valerii/workspace/Nexium/sources/Editor/GuiComponents/Separator.cpp should add these lines:
#include "ImGui/imgui.h"  // for Separator

/home/valerii/workspace/Nexium/sources/Editor/GuiComponents/Separator.cpp should remove these lines:

The full include-list for /home/valerii/workspace/Nexium/sources/Editor/GuiComponents/Separator.cpp:
#include "Separator.h"
#include "ImGui/imgui.h"  // for Separator
---

[629/743] Building CXX object sources/CMakeFiles/__Nexium.dir/Editor/GuiComponents/Spacer.cpp.o
Warning: include-what-you-use reported diagnostics:

/home/valerii/workspace/Nexium/sources/Editor/GuiComponents/Spacer.h should add these lines:
#include "Core/String.h"                    // for StringAtom
#include "ECS/BaseComponent.h"              // for BaseComponent, ECS_COMPON...
#include "JustReflectMe/Adapter.h"          // for CLASS, FIELD
#include "RawDataManagement/JsonAdapter.h"  // for R_FRIEND_DECL
#include "glm/detail/qualifier.hpp"         // for qualifier
#include "glm/ext/vector_float2.hpp"        // for vec2

/home/valerii/workspace/Nexium/sources/Editor/GuiComponents/Spacer.h should remove these lines:
- #include "Spacer.generated.h"  // lines 64-64

The full include-list for /home/valerii/workspace/Nexium/sources/Editor/GuiComponents/Spacer.h:
#include "Core/String.h"                    // for StringAtom
#include "ECS/BaseComponent.h"              // for BaseComponent, ECS_COMPON...
#include "JustReflectMe/Adapter.h"          // for CLASS, FIELD
#include "RawDataManagement/JsonAdapter.h"  // for R_FRIEND_DECL
#include "Widget.h"                         // for Widget
#include "glm/detail/qualifier.hpp"         // for qualifier
#include "glm/ext/vector_float2.hpp"        // for vec2
---

/home/valerii/workspace/Nexium/sources/Editor/GuiComponents/Spacer.cpp should add these lines:
#include "Editor/GuiComponents/Widget.h"  // for Widget
#include "ImGui/imgui.h"                  // for Dummy, ImGuiStyle
#include "glm/detail/type_vec2.inl"       // for operator+

/home/valerii/workspace/Nexium/sources/Editor/GuiComponents/Spacer.cpp should remove these lines:

The full include-list for /home/valerii/workspace/Nexium/sources/Editor/GuiComponents/Spacer.cpp:
#include "Spacer.h"
#include "Editor/GuiComponents/Widget.h"  // for Widget
#include "ImGui/imgui.h"                  // for Dummy, ImGuiStyle
#include "glm/detail/type_vec2.inl"       // for operator+
---

[630/743] Building CXX object sources/CMakeFiles/__Nexium.dir/Editor/GuiComponents/VerticalLayout.cpp.o
Warning: include-what-you-use reported diagnostics:

/home/valerii/workspace/Nexium/sources/Editor/GuiComponents/VerticalLayout.h should add these lines:
#include <string.h>                         // for memcpy, strlen
#include <optional>                         // for optional
#include <vector>                           // for vector
#include "Core/String.h"                    // for StringAtom
#include "ECS/BaseComponent.h"              // for BaseComponent, ECS_COMPON...
#include "JustReflectMe/Adapter.h"          // for CLASS, FIELD
#include "RawDataManagement/JsonAdapter.h"  // for R_FRIEND_DECL

/home/valerii/workspace/Nexium/sources/Editor/GuiComponents/VerticalLayout.h should remove these lines:
- #include "VerticalLayout.generated.h"  // lines 88-88

The full include-list for /home/valerii/workspace/Nexium/sources/Editor/GuiComponents/VerticalLayout.h:
#include <string.h>                         // for memcpy, strlen
#include <optional>                         // for optional
#include <vector>                           // for vector
#include "Core/String.h"                    // for StringAtom
#include "ECS/BaseComponent.h"              // for BaseComponent, ECS_COMPON...
#include "JustReflectMe/Adapter.h"          // for CLASS, FIELD
#include "Layout.h"                         // for Layout
#include "RawDataManagement/JsonAdapter.h"  // for R_FRIEND_DECL
---

/home/valerii/workspace/Nexium/sources/Editor/GuiComponents/VerticalLayout.cpp should add these lines:
#include <algorithm>                      // for max
#include <cstddef>                        // for size_t
#include "Core/BaseAssert.h"              // for Assert
#include "Core/IntrusivePtr.h"            // for IntrusivePtr
#include "Editor/GuiComponents/Layout.h"  // for Layout
#include "Editor/GuiComponents/Widget.h"  // for Widget, Align, Flex
#include "ImGui/imgui.h"                  // for ImGuiStyle, SetCursorPosY
#include "glm/detail/qualifier.hpp"       // for qualifier
#include "glm/detail/type_vec2.inl"       // for vec<>::vec<2, T, Q>
#include "glm/ext/vector_float2.hpp"      // for vec2

/home/valerii/workspace/Nexium/sources/Editor/GuiComponents/VerticalLayout.cpp should remove these lines:

The full include-list for /home/valerii/workspace/Nexium/sources/Editor/GuiComponents/VerticalLayout.cpp:
#include "VerticalLayout.h"
#include <algorithm>                      // for max
#include <cstddef>                        // for size_t
#include "Core/BaseAssert.h"              // for Assert
#include "Core/IntrusivePtr.h"            // for IntrusivePtr
#include "Editor/GuiComponents/Layout.h"  // for Layout
#include "Editor/GuiComponents/Widget.h"  // for Widget, Align, Flex
#include "ImGui/imgui.h"                  // for ImGuiStyle, SetCursorPosY
#include "glm/detail/qualifier.hpp"       // for qualifier
#include "glm/detail/type_vec2.inl"       // for vec<>::vec<2, T, Q>
#include "glm/ext/vector_float2.hpp"      // for vec2
---

[631/743] Building CXX object sources/CMakeFiles/__Nexium.dir/Editor/GuiComponents/Widget.cpp.o
Warning: include-what-you-use reported diagnostics:

/home/valerii/workspace/Nexium/sources/Editor/GuiComponents/Widget.h should add these lines:
#include <math.h>                           // for fabs
#include <concepts>                         // for derived_from
#include <optional>                         // for optional
#include <type_traits>                      // for remove_reference_t
#include "JustReflectMe/Adapter.h"          // for FIELD, ENUM_CLASS, CLASS
#include "glm/detail/qualifier.hpp"         // for qualifier
#include "glm/detail/type_vec2.inl"         // for vec<>::operator+=, vec<>:...
#include "glm/ext/vector_float2.hpp"        // for vec2
namespace Core { struct Color4; }

/home/valerii/workspace/Nexium/sources/Editor/GuiComponents/Widget.h should remove these lines:
- #include "Core/Color.h"  // lines 27-27
- #include "Widget.generated.h"  // lines 183-183

The full include-list for /home/valerii/workspace/Nexium/sources/Editor/GuiComponents/Widget.h:
#include <math.h>                           // for fabs
#include <concepts>                         // for derived_from
#include <optional>                         // for optional
#include <type_traits>                      // for remove_reference_t
#include "ECS/BaseComponent.h"              // for BaseComponent, ECS_COMPON...
#include "ImGui/imgui.h"                    // for GetStyle, ImGuiCol, ImGui...
#include "InputDevices/Keyboard.h"          // for Keyboard
#include "JustReflectMe/Adapter.h"          // for FIELD, ENUM_CLASS, CLASS
#include "RawDataManagement/JsonAdapter.h"  // for R_FRIEND_DECL
#include "glm/detail/qualifier.hpp"         // for qualifier
#include "glm/detail/type_vec2.inl"         // for vec<>::operator+=, vec<>:...
#include "glm/ext/vector_float2.hpp"        // for vec2
namespace Core { struct Color4; }
---

/home/valerii/workspace/Nexium/sources/Editor/GuiComponents/Widget.cpp should add these lines:
#include "Core/Color.h"                     // for Color4, NormColor4

/home/valerii/workspace/Nexium/sources/Editor/GuiComponents/Widget.cpp should remove these lines:
- #include "Misc/Configs.h"  // lines 29-29

The full include-list for /home/valerii/workspace/Nexium/sources/Editor/GuiComponents/Widget.cpp:
#include "Widget.h"
#include "Core/Color.h"                     // for Color4, NormColor4
#include "InputDevices/Keyboard.h"          // for Keyboard
#include "InputDevices/Mouse.h"             // for Mouse
#include "RawDataManagement/JsonAdapter.h"  // for R_FRIEND_IMPL
---

[632/743] Building CXX object sources/CMakeFiles/__Nexium.dir/Editor/ObjectSelectorManager.cpp.o
Warning: include-what-you-use reported diagnostics:

/home/valerii/workspace/Nexium/sources/Editor/ObjectSelectorManager.h should add these lines:
#include "ECS/BaseComponent.h"  // for BaseComponent

/home/valerii/workspace/Nexium/sources/Editor/ObjectSelectorManager.h should remove these lines:
- #include "Graphics/Primitives/StaticMesh.h"  // lines 28-28
- namespace Core { class StaticMesh; }  // lines 35-35
- namespace Core { class StaticMeshBundle; }  // lines 34-34

The full include-list for /home/valerii/workspace/Nexium/sources/Editor/ObjectSelectorManager.h:
#include <unordered_map>        // for unordered_map
#include "Core/Delegate.h"      // for Delegate
#include "ECS/BaseComponent.h"  // for BaseComponent
---

/home/valerii/workspace/Nexium/sources/Editor/ObjectSelectorManager.cpp should add these lines:
#include <string.h>                                 // for memcmp, strcmp
#include <memory>                                   // for unique_ptr
#include <ranges>                                   // for _Elements, elemen...
#include "Core/IntrusivePtr.h"                      // for IntrusivePtr
#include "Core/String.h"                            // for operator""_atom
#include "Editor/Gizmo.h"                           // for Gizmo
#include "GameplaySystem/Camera.h"                  // for BaseCamera
#include "Graphics/IOutliner.h"                     // for IOutliner

/home/valerii/workspace/Nexium/sources/Editor/ObjectSelectorManager.cpp should remove these lines:

The full include-list for /home/valerii/workspace/Nexium/sources/Editor/ObjectSelectorManager.cpp:
#include "ObjectSelectorManager.h"
#include <string.h>                                 // for memcmp, strcmp
#include <memory>                                   // for unique_ptr
#include <ranges>                                   // for _Elements, elemen...
#include "Core/IntrusivePtr.h"                      // for IntrusivePtr
#include "Core/String.h"                            // for operator""_atom
#include "Editor/Gizmo.h"                           // for Gizmo
#include "GameplaySystem/Camera.h"                  // for BaseCamera
#include "GameplaySystem/Framework/GameInstance.h"  // for GameInstance, gGa...
#include "Graphics/IOutliner.h"                     // for IOutliner
---

[633/743] Building CXX object sources/CMakeFiles/__Nexium.dir/Editor/SlowObjectPicker.cpp.o
Warning: include-what-you-use reported diagnostics:

/home/valerii/workspace/Nexium/sources/Editor/SlowObjectPicker.h should add these lines:
#include <functional>                        // for function

/home/valerii/workspace/Nexium/sources/Editor/SlowObjectPicker.h should remove these lines:
- namespace Core { class StaticMeshBundle; }  // lines 33-33

The full include-list for /home/valerii/workspace/Nexium/sources/Editor/SlowObjectPicker.h:
#include <functional>                        // for function
#include "Graphics/RenderTargetToTexture.h"  // for RenderTargetToTexture
namespace Core { class Scene; }  // lines 31-31
namespace Core { class StaticMesh; }  // lines 32-32
---

/home/valerii/workspace/Nexium/sources/Editor/SlowObjectPicker.cpp should add these lines:
#include <string.h>                                 // for memcmp, strcmp
#include <memory>                                   // for unique_ptr
#include <utility>                                  // for forward
#include <vector>                                   // for vector
#include "Core/BaseAssert.h"                        // for Verify, Assert
#include "Core/Color.h"                             // for Color3, NormColor3
#include "Core/IntrusivePtr.h"                      // for IntrusivePtr
#include "ECS/BaseComponent.h"                      // for BaseComponent
#include "Editor/GameEditor.h"                      // for GameEditor
#include "GameplaySystem/Camera.h"                  // for BaseCamera
#include "GameplaySystem/Entities/Actor.h"          // for Actor
#include "GameplaySystem/Framework/WorldObject.h"   // for WorldObject
#include "Graphics/Primitives/StaticMesh.h"         // for StaticMesh
#include "Graphics/Primitives/StaticMeshBundle.h"   // for StaticMeshBundle
#include "Graphics/ShaderManager.h"                 // for ShaderManager
#include "Graphics/ShaderProgram.h"                 // for ShaderProgram
#include "InputDevices/Mouse.h"                     // for Mouse
#include "Scene/Scene.h"                            // for Scene
#include "glad/glad.h"                              // for GLint, GL_COLOR_B...
#include "glm/detail/qualifier.hpp"                 // for qualifier

/home/valerii/workspace/Nexium/sources/Editor/SlowObjectPicker.cpp should remove these lines:

The full include-list for /home/valerii/workspace/Nexium/sources/Editor/SlowObjectPicker.cpp:
#include "SlowObjectPicker.h"
#include <string.h>                                 // for memcmp, strcmp
#include <memory>                                   // for unique_ptr
#include <utility>                                  // for forward
#include <vector>                                   // for vector
#include "Core/BaseAssert.h"                        // for Verify, Assert
#include "Core/Color.h"                             // for Color3, NormColor3
#include "Core/IntrusivePtr.h"                      // for IntrusivePtr
#include "ECS/BaseComponent.h"                      // for BaseComponent
#include "Editor/GameEditor.h"                      // for GameEditor
#include "Editor/Windows/GameViewport.h"            // for GameViewportEWC
#include "GameplaySystem/Camera.h"                  // for BaseCamera
#include "GameplaySystem/Entities/Actor.h"          // for Actor
#include "GameplaySystem/Framework/GameInstance.h"  // for GameInstance, gGa...
#include "GameplaySystem/Framework/WorldObject.h"   // for WorldObject
#include "Graphics/Primitives/StaticMesh.h"         // for StaticMesh
#include "Graphics/Primitives/StaticMeshBundle.h"   // for StaticMeshBundle
#include "Graphics/ShaderManager.h"                 // for ShaderManager
#include "Graphics/ShaderProgram.h"                 // for ShaderProgram
#include "InputDevices/Mouse.h"                     // for Mouse
#include "Scene/Scene.h"                            // for Scene
#include "glad/glad.h"                              // for GLint, GL_COLOR_B...
#include "glm/detail/qualifier.hpp"                 // for qualifier
---

[634/743] Building CXX object sources/CMakeFiles/__Nexium.dir/Editor/Windows/BaseWindow.cpp.o
Warning: include-what-you-use reported diagnostics:

/home/valerii/workspace/Nexium/sources/Editor/Windows/BaseWindow.h should add these lines:
#include <concepts>                         // for derived_from, same_as
#include <type_traits>                      // for is_void_v, remove_referen...
#include <unordered_map>                    // for unordered_map
#include "Core/String.h"                    // for StringAtom
#include "JustReflectMe/Adapter.h"          // for FIELD, CLASS
#include "RawDataManagement/JsonAdapter.h"  // for R_FRIEND_DECL
#include "glm/detail/qualifier.hpp"         // for qualifier
#include "glm/ext/vector_float2.hpp"        // for vec2

/home/valerii/workspace/Nexium/sources/Editor/Windows/BaseWindow.h should remove these lines:
- #include "BaseWindow.generated.h"  // lines 169-169

The full include-list for /home/valerii/workspace/Nexium/sources/Editor/Windows/BaseWindow.h:
#include <concepts>                         // for derived_from, same_as
#include <type_traits>                      // for is_void_v, remove_referen...
#include <unordered_map>                    // for unordered_map
#include "Core/Delegate.h"                  // for Delegate
#include "Core/Size.h"                      // for FSize2
#include "Core/String.h"                    // for StringAtom
#include "ECS/BaseComponent.h"              // for BaseComponent, ECS_COMPON...
#include "ImGui/imgui.h"                    // for ImGuiStyleVar_, ImGuiWind...
#include "JustReflectMe/Adapter.h"          // for FIELD, CLASS
#include "RawDataManagement/DataStream.h"   // for IDataIO
#include "RawDataManagement/JsonAdapter.h"  // for R_FRIEND_DECL
#include "glm/detail/qualifier.hpp"         // for qualifier
#include "glm/ext/vector_float2.hpp"        // for vec2
---

/home/valerii/workspace/Nexium/sources/Editor/Windows/BaseWindow.cpp should add these lines:
#include <__float_float.h>           // for FLT_MAX
#include <string.h>                  // for memcpy, strlen, strstr
#include <cctype>                    // for isalnum
#include <filesystem>                // for path
#include <utility>                   // for get, pair
#include "glm/detail/type_vec2.inl"  // for vec<>::vec<2, T, Q>, operator+

/home/valerii/workspace/Nexium/sources/Editor/Windows/BaseWindow.cpp should remove these lines:

The full include-list for /home/valerii/workspace/Nexium/sources/Editor/Windows/BaseWindow.cpp:
#include "BaseWindow.h"
#include <__float_float.h>           // for FLT_MAX
#include <string.h>                  // for memcpy, strlen, strstr
#include <cctype>                    // for isalnum
#include <filesystem>                // for path
#include <utility>                   // for get, pair
#include "Misc/Configs.h"            // for editorConfigDir
#include "glm/detail/type_vec2.inl"  // for vec<>::vec<2, T, Q>, operator+
---

[635/743] Building CXX object sources/CMakeFiles/__Nexium.dir/Editor/Windows/ECSAdapters/BaseComponentAdapter.cpp.o
Warning: include-what-you-use reported diagnostics:

/home/valerii/workspace/Nexium/sources/Editor/Windows/ECSAdapters/BaseComponentAdapter.h should add these lines:
#include <string.h>                               // for memcpy
#include "Core/Delegate.h"                        // for DelegateSubscriberP...
#include "Core/String.h"                          // for StringAtom
#include "ECS/BaseComponent.h"                    // for BaseComponent, ECS_...
#include "JustReflectMe/NlohmannJson.h"           // for json
namespace Core { namespace Gui { class CheckBox; } }
namespace Core { namespace Gui { class TextInput; } }
namespace Core { namespace Gui { template <IsWidget T> class LabelRow; } }

/home/valerii/workspace/Nexium/sources/Editor/Windows/ECSAdapters/BaseComponentAdapter.h should remove these lines:
- #include "Editor/GuiComponents/CheckBox.h"  // lines 29-29
- #include "Editor/GuiComponents/Input.h"  // lines 30-30
- #include "Editor/GuiComponents/LabelRow.h"  // lines 31-31

The full include-list for /home/valerii/workspace/Nexium/sources/Editor/Windows/ECSAdapters/BaseComponentAdapter.h:
#include <string.h>                               // for memcpy
#include "../NxECSBasedEditor.h"                  // for ECSEditorMimeAdapter
#include "Core/Delegate.h"                        // for DelegateSubscriberP...
#include "Core/String.h"                          // for StringAtom
#include "ECS/BaseComponent.h"                    // for BaseComponent, ECS_...
#include "Editor/GuiComponents/Array.h"           // for StringArray
#include "Editor/GuiComponents/VerticalLayout.h"  // for VerticalLayout
#include "JustReflectMe/NlohmannJson.h"           // for json
namespace Core { namespace Gui { class CheckBox; } }
namespace Core { namespace Gui { class TextInput; } }
namespace Core { namespace Gui { template <IsWidget T> class LabelRow; } }
---

/home/valerii/workspace/Nexium/sources/Editor/Windows/ECSAdapters/BaseComponentAdapter.cpp should add these lines:
#include <string>                             // for basic_string
#include <vector>                             // for vector
#include "Core/BaseAssert.h"                  // for Verify
#include "Core/IntrusivePtr.h"                // for IntrusivePtr
#include "Editor/GuiComponents/CheckBox.h"    // for CheckBox
#include "Editor/GuiComponents/Input.h"       // for TextInput
#include "Editor/GuiComponents/LabelRow.h"    // for LabelRow
#include "Editor/GuiComponents/Widget.h"      // for Flex, Align
#include "Editor/Windows/NxECSBasedEditor.h"  // for ECSEditorMimeAdapter
#include "ImGui/imgui.h"                      // for GetStyle, ImGuiStyle
#include "glm/detail/qualifier.hpp"           // for qualifier
#include "glm/detail/type_vec4.inl"           // for vec<>::vec<4, T, Q>
#include "glm/fwd.hpp"                        // for vec4

/home/valerii/workspace/Nexium/sources/Editor/Windows/ECSAdapters/BaseComponentAdapter.cpp should remove these lines:

The full include-list for /home/valerii/workspace/Nexium/sources/Editor/Windows/ECSAdapters/BaseComponentAdapter.cpp:
#include "BaseComponentAdapter.h"
#include <string>                             // for basic_string
#include <vector>                             // for vector
#include "Core/BaseAssert.h"                  // for Verify
#include "Core/IntrusivePtr.h"                // for IntrusivePtr
#include "Editor/GuiComponents/CheckBox.h"    // for CheckBox
#include "Editor/GuiComponents/Input.h"       // for TextInput
#include "Editor/GuiComponents/LabelRow.h"    // for LabelRow
#include "Editor/GuiComponents/Misc.h"        // for CollapsingHeader
#include "Editor/GuiComponents/Widget.h"      // for Flex, Align
#include "Editor/Windows/NxECSBasedEditor.h"  // for ECSEditorMimeAdapter
#include "ImGui/imgui.h"                      // for GetStyle, ImGuiStyle
#include "glm/detail/qualifier.hpp"           // for qualifier
#include "glm/detail/type_vec4.inl"           // for vec<>::vec<4, T, Q>
#include "glm/fwd.hpp"                        // for vec4
---

[636/743] Building CXX object sources/CMakeFiles/__Nexium.dir/Editor/Windows/ECSAdapters/EditorActorAdapter.cpp.o
Warning: include-what-you-use reported diagnostics:

/home/valerii/workspace/Nexium/sources/Editor/Windows/ECSAdapters/EditorActorAdapter.h should add these lines:
#include "Core/Delegate.h"                        // for DelegateSubscriberP...
#include "Core/String.h"                          // for StringAtom
#include "ECS/BaseComponent.h"                    // for BaseComponent, ECS_...
#include "JustReflectMe/NlohmannJson.h"           // for json
namespace Core { namespace Gui { class CheckBox; } }
namespace Core { namespace Gui { template <IsWidget T> class LabelRow; } }

/home/valerii/workspace/Nexium/sources/Editor/Windows/ECSAdapters/EditorActorAdapter.h should remove these lines:
- #include "Editor/GuiComponents/CheckBox.h"  // lines 28-28
- #include "Editor/GuiComponents/LabelRow.h"  // lines 29-29

The full include-list for /home/valerii/workspace/Nexium/sources/Editor/Windows/ECSAdapters/EditorActorAdapter.h:
#include "../NxECSBasedEditor.h"                  // for ECSEditorMimeAdapter
#include "Core/Delegate.h"                        // for DelegateSubscriberP...
#include "Core/String.h"                          // for StringAtom
#include "ECS/BaseComponent.h"                    // for BaseComponent, ECS_...
#include "Editor/GuiComponents/VecInput.h"        // for Float3Input
#include "Editor/GuiComponents/VerticalLayout.h"  // for VerticalLayout
#include "JustReflectMe/NlohmannJson.h"           // for json
namespace Core { namespace Gui { class CheckBox; } }
namespace Core { namespace Gui { template <IsWidget T> class LabelRow; } }
---

/home/valerii/workspace/Nexium/sources/Editor/Windows/ECSAdapters/EditorActorAdapter.cpp should add these lines:
#include <string.h>                           // for memcpy, memcmp, strcmp
#include "Core/BaseAssert.h"                  // for Verify
#include "ECS/Transformable.h"                // for GPos3
#include "Editor/GuiComponents/CheckBox.h"    // for CheckBox
#include "Editor/GuiComponents/LabelRow.h"    // for LabelRow
#include "Editor/GuiComponents/Widget.h"      // for Flex
#include "Editor/Windows/NxECSBasedEditor.h"  // for ECSEditorMimeAdapter
#include "ImGui/imgui.h"                      // for GetStyle, ImGuiStyle
#include "glm/detail/qualifier.hpp"           // for qualifier
#include "glm/detail/type_vec4.inl"           // for vec<>::vec<4, T, Q>
#include "glm/fwd.hpp"                        // for vec3, vec4

/home/valerii/workspace/Nexium/sources/Editor/Windows/ECSAdapters/EditorActorAdapter.cpp should remove these lines:

The full include-list for /home/valerii/workspace/Nexium/sources/Editor/Windows/ECSAdapters/EditorActorAdapter.cpp:
#include "EditorActorAdapter.h"
#include <string.h>                           // for memcpy, memcmp, strcmp
#include "Core/BaseAssert.h"                  // for Verify
#include "ECS/Transformable.h"                // for GPos3
#include "Editor/GuiComponents/CheckBox.h"    // for CheckBox
#include "Editor/GuiComponents/LabelRow.h"    // for LabelRow
#include "Editor/GuiComponents/Misc.h"        // for CollapsingHeader
#include "Editor/GuiComponents/Widget.h"      // for Flex
#include "Editor/Windows/NxECSBasedEditor.h"  // for ECSEditorMimeAdapter
#include "GameplaySystem/Entities/Actor.h"    // for Actor
#include "ImGui/imgui.h"                      // for GetStyle, ImGuiStyle
#include "glm/detail/qualifier.hpp"           // for qualifier
#include "glm/detail/type_vec4.inl"           // for vec<>::vec<4, T, Q>
#include "glm/fwd.hpp"                        // for vec3, vec4
---

[637/743] Building CXX object sources/CMakeFiles/__Nexium.dir/Editor/Windows/ECSAdapters/EditorStaticMeshAdapter.cpp.o
Warning: include-what-you-use reported diagnostics:

/home/valerii/workspace/Nexium/sources/Editor/Windows/ECSAdapters/EditorStaticMeshAdapter.h should add these lines:
#include "Core/Delegate.h"                        // for DelegateSubscriberP...
#include "Core/String.h"                          // for StringAtom
#include "ECS/BaseComponent.h"                    // for BaseComponent, ECS_...
#include "JustReflectMe/NlohmannJson.h"           // for json

/home/valerii/workspace/Nexium/sources/Editor/Windows/ECSAdapters/EditorStaticMeshAdapter.h should remove these lines:

The full include-list for /home/valerii/workspace/Nexium/sources/Editor/Windows/ECSAdapters/EditorStaticMeshAdapter.h:
#include "../NxECSBasedEditor.h"                  // for ECSEditorMimeAdapter
#include "Core/Delegate.h"                        // for DelegateSubscriberP...
#include "Core/String.h"                          // for StringAtom
#include "ECS/BaseComponent.h"                    // for BaseComponent, ECS_...
#include "Editor/GuiComponents/VerticalLayout.h"  // for VerticalLayout
#include "JustReflectMe/NlohmannJson.h"           // for json
---

/home/valerii/workspace/Nexium/sources/Editor/Windows/ECSAdapters/EditorStaticMeshAdapter.cpp should add these lines:
#include <string.h>                           // for memcpy
#include "Core/BaseAssert.h"                  // for Verify
#include "Editor/GuiComponents/Widget.h"      // for Gui
#include "Editor/Windows/NxECSBasedEditor.h"  // for ECSEditorMimeAdapter

/home/valerii/workspace/Nexium/sources/Editor/Windows/ECSAdapters/EditorStaticMeshAdapter.cpp should remove these lines:

The full include-list for /home/valerii/workspace/Nexium/sources/Editor/Windows/ECSAdapters/EditorStaticMeshAdapter.cpp:
#include "EditorStaticMeshAdapter.h"
#include <string.h>                           // for memcpy
#include "Core/BaseAssert.h"                  // for Verify
#include "Editor/GuiComponents/Widget.h"      // for Gui
#include "Editor/Windows/NxECSBasedEditor.h"  // for ECSEditorMimeAdapter
#include "Graphics/Primitives/StaticMesh.h"   // for StaticMesh
---

[638/743] Building CXX object sources/CMakeFiles/__Nexium.dir/Editor/Windows/AssetsManagerWindow.cpp.o
Warning: include-what-you-use reported diagnostics:

/home/valerii/workspace/Nexium/sources/Editor/Windows/AssetsManagerWindow.h should add these lines:
#include <filesystem>                               // for path, directory_e...
#include <unordered_map>                            // for unordered_map
#include <vector>                                   // for vector
#include "Core/BaseAssert.h"                        // for Assert
#include "Core/Delegate.h"                          // for DelegateSubscribe...
#include "ECS/BaseComponent.h"                      // for BaseComponent
#include "ImGui/imgui.h"                            // for ImGuiTreeNodeFlags_
#include "JustReflectMe/Adapter.h"                  // for CLASS
#include "RawDataManagement/JsonAdapter.h"          // for R_FRIEND_DECL
#include "glm/detail/qualifier.hpp"                 // for qualifier
#include "glm/detail/type_vec2.inl"                 // for vec<>::vec<2, T, Q>
#include "glm/ext/vector_float2.hpp"                // for vec2
namespace Core { namespace Gui { class Button; } }
namespace Core { namespace Gui { class TextInput; } }

/home/valerii/workspace/Nexium/sources/Editor/Windows/AssetsManagerWindow.h should remove these lines:
- #include "AssetsManagerWindow.generated.h"  // lines 117-117
- #include "Editor/GuiComponents/Button.h"  // lines 30-30
- #include "Editor/GuiComponents/Input.h"  // lines 32-32

The full include-list for /home/valerii/workspace/Nexium/sources/Editor/Windows/AssetsManagerWindow.h:
#include <filesystem>                               // for path, directory_e...
#include <unordered_map>                            // for unordered_map
#include <vector>                                   // for vector
#include "AssetsManager/AssetsManager.h"            // for AssetsManager
#include "AssetsManager/TextureAsset.h"             // for NXTexture
#include "BaseWindow.h"                             // for BaseFloatEWC
#include "Core/BaseAssert.h"                        // for Assert
#include "Core/Delegate.h"                          // for DelegateSubscribe...
#include "ECS/BaseComponent.h"                      // for BaseComponent
#include "Editor/GuiComponents/HorizontalLayout.h"  // for HorizontalLayout
#include "ImGui/imgui.h"                            // for ImGuiTreeNodeFlags_
#include "JustReflectMe/Adapter.h"                  // for CLASS
#include "RawDataManagement/JsonAdapter.h"          // for R_FRIEND_DECL
#include "glm/detail/qualifier.hpp"                 // for qualifier
#include "glm/detail/type_vec2.inl"                 // for vec<>::vec<2, T, Q>
#include "glm/ext/vector_float2.hpp"                // for vec2
namespace Core { namespace Gui { class Button; } }
namespace Core { namespace Gui { class TextInput; } }
---

/home/valerii/workspace/Nexium/sources/Editor/Windows/AssetsManagerWindow.cpp should add these lines:
#include <stdint.h>                                 // for uint32_t, uint64_t
#include <string.h>                                 // for memcpy, strlen
#include <algorithm>                                // for __any_of_fn, any_of
#include <array>                                    // for array
#include <cctype>                                   // for isdigit
#include <chrono>                                   // for duration, clock_cast
#include <cstdlib>                                  // for atoi, size_t
#include <functional>                               // for function
#include <iomanip>                                  // for operator<<, setpr...
#include <sstream>                                  // for basic_ostringstream
#include <string>                                   // for basic_string, ope...
#include <system_error>                             // for error_code
#include <utility>                                  // for move
#include "AssetsManager/BaseAsset.h"                // for AssetRef
#include "AssetsManager/ECSAsset.h"                 // for AssetAction, ECSA...
#include "Core/IntrusivePtr.h"                      // for WeakData
#include "Core/String.h"                            // for StringFormatter
#include "Editor/GuiComponents/Button.h"            // for Button
#include "Editor/GuiComponents/Input.h"             // for TextInput
#include "Editor/GuiComponents/Widget.h"            // for Flex
#include "Editor/Windows/BaseWindow.h"              // for BaseFloatEWC
#include "GameplaySystem/Framework/World.h"         // for World
#include "Graphics/Texture.h"                       // for Texture
#include "Misc/Configs.h"                           // for assets
#include "glm/detail/type_vec4.inl"                 // for vec<>::vec<4, T, Q>
#include "glm/ext/vector_float4.hpp"                // for vec4

/home/valerii/workspace/Nexium/sources/Editor/Windows/AssetsManagerWindow.cpp should remove these lines:

The full include-list for /home/valerii/workspace/Nexium/sources/Editor/Windows/AssetsManagerWindow.cpp:
#include "AssetsManagerWindow.h"
#include <stdint.h>                                 // for uint32_t, uint64_t
#include <string.h>                                 // for memcpy, strlen
#include <algorithm>                                // for __any_of_fn, any_of
#include <array>                                    // for array
#include <cctype>                                   // for isdigit
#include <chrono>                                   // for duration, clock_cast
#include <cstdlib>                                  // for atoi, size_t
#include <format>                                   // for format
#include <fstream>                                  // for char_traits, basi...
#include <functional>                               // for function
#include <iomanip>                                  // for operator<<, setpr...
#include <sstream>                                  // for basic_ostringstream
#include <string>                                   // for basic_string, ope...
#include <system_error>                             // for error_code
#include <utility>                                  // for move
#include "AssetsManager/BaseAsset.h"                // for AssetRef
#include "AssetsManager/ECSAsset.h"                 // for AssetAction, ECSA...
#include "Core/IntrusivePtr.h"                      // for WeakData
#include "Core/String.h"                            // for StringFormatter
#include "Editor/GuiComponents/Button.h"            // for Button
#include "Editor/GuiComponents/Input.h"             // for TextInput
#include "Editor/GuiComponents/Spacer.h"            // for Spacer
#include "Editor/GuiComponents/Widget.h"            // for Flex
#include "Editor/Windows/BaseWindow.h"              // for BaseFloatEWC
#include "GameplaySystem/Framework/GameInstance.h"  // for GetAssetsManager
#include "GameplaySystem/Framework/World.h"         // for World
#include "Graphics/Texture.h"                       // for Texture
#include "Misc/Configs.h"                           // for assets
#include "Misc/IconsFontAwesome.h"                  // for ICON_FA_ARROW_DOWN
#include "ModalPopUp.h"                             // for ModalPopUp
#include "glm/detail/type_vec4.inl"                 // for vec<>::vec<4, T, Q>
#include "glm/ext/vector_float4.hpp"                // for vec4
---

[639/743] Building CXX object sources/CMakeFiles/__Nexium.dir/Editor/Windows/ECSAdapters/EditorInterleavedGraphicsDataAdapter.cpp.o
Warning: include-what-you-use reported diagnostics:

/home/valerii/workspace/Nexium/sources/Editor/Windows/ECSAdapters/EditorInterleavedGraphicsDataAdapter.h should add these lines:
#include "Core/Delegate.h"                          // for DelegateSubscribe...
#include "Core/String.h"                            // for StringAtom
#include "ECS/BaseComponent.h"                      // for BaseComponent
#include "JustReflectMe/NlohmannJson.h"             // for json
namespace Core { namespace Gui { template <IsWidget T> class LabelRow; } }

/home/valerii/workspace/Nexium/sources/Editor/Windows/ECSAdapters/EditorInterleavedGraphicsDataAdapter.h should remove these lines:

The full include-list for /home/valerii/workspace/Nexium/sources/Editor/Windows/ECSAdapters/EditorInterleavedGraphicsDataAdapter.h:
#include "../NxECSBasedEditor.h"                    // for ECSEditorMimeAdapter
#include "Core/Delegate.h"                          // for DelegateSubscribe...
#include "Core/String.h"                            // for StringAtom
#include "ECS/BaseComponent.h"                      // for BaseComponent
#include "Editor/GuiComponents/VerticalLayout.h"    // for VerticalLayout
#include "Editor/Windows/ObjectPropertiesWindow.h"  // for GraphicsModifiers...
#include "JustReflectMe/NlohmannJson.h"             // for json
namespace Core { namespace Gui { template <IsWidget T> class LabelRow; } }
---

/home/valerii/workspace/Nexium/sources/Editor/Windows/ECSAdapters/EditorInterleavedGraphicsDataAdapter.cpp should add these lines:
#include <string.h>                           // for memcpy, memcmp, strcmp
#include <vector>                             // for vector
#include "Core/BaseAssert.h"                  // for Verify
#include "Editor/GuiComponents/Array.h"       // for BaseArray
#include "Editor/GuiComponents/LabelRow.h"    // for LabelRow
#include "Editor/GuiComponents/Widget.h"      // for Align
#include "Editor/Windows/NxECSBasedEditor.h"  // for ECSEditorMimeAdapter
#include "ImGui/imgui.h"                      // for GetStyle, ImGuiStyle
#include "glm/detail/qualifier.hpp"           // for qualifier
#include "glm/detail/type_vec4.inl"           // for vec<>::vec<4, T, Q>
#include "glm/fwd.hpp"                        // for vec4

/home/valerii/workspace/Nexium/sources/Editor/Windows/ECSAdapters/EditorInterleavedGraphicsDataAdapter.cpp should remove these lines:

The full include-list for /home/valerii/workspace/Nexium/sources/Editor/Windows/ECSAdapters/EditorInterleavedGraphicsDataAdapter.cpp:
#include "EditorInterleavedGraphicsDataAdapter.h"
#include <string.h>                           // for memcpy, memcmp, strcmp
#include <vector>                             // for vector
#include "Core/BaseAssert.h"                  // for Verify
#include "Editor/GuiComponents/Array.h"       // for BaseArray
#include "Editor/GuiComponents/LabelRow.h"    // for LabelRow
#include "Editor/GuiComponents/Misc.h"        // for CollapsingHeader
#include "Editor/GuiComponents/Widget.h"      // for Align
#include "Editor/Windows/NxECSBasedEditor.h"  // for ECSEditorMimeAdapter
#include "Graphics/GraphicsComponents.h"      // for InterleavedGraphicsData
#include "ImGui/imgui.h"                      // for GetStyle, ImGuiStyle
#include "glm/detail/qualifier.hpp"           // for qualifier
#include "glm/detail/type_vec4.inl"           // for vec<>::vec<4, T, Q>
#include "glm/fwd.hpp"                        // for vec4
---

[640/743] Building CXX object sources/CMakeFiles/__Nexium.dir/Editor/Windows/ECSAdapters/EditorTransformableAdapter.cpp.o
Warning: include-what-you-use reported diagnostics:

/home/valerii/workspace/Nexium/sources/Editor/Windows/ECSAdapters/EditorTransformableAdapter.h should add these lines:
#include "Core/Delegate.h"                        // for DelegateSubscriberP...
#include "Core/String.h"                          // for StringAtom
#include "ECS/BaseComponent.h"                    // for BaseComponent, ECS_...
#include "JustReflectMe/NlohmannJson.h"           // for json

/home/valerii/workspace/Nexium/sources/Editor/Windows/ECSAdapters/EditorTransformableAdapter.h should remove these lines:

The full include-list for /home/valerii/workspace/Nexium/sources/Editor/Windows/ECSAdapters/EditorTransformableAdapter.h:
#include "../NxECSBasedEditor.h"                  // for ECSEditorMimeAdapter
#include "Core/Delegate.h"                        // for DelegateSubscriberP...
#include "Core/String.h"                          // for StringAtom
#include "ECS/BaseComponent.h"                    // for BaseComponent, ECS_...
#include "Editor/GuiComponents/VerticalLayout.h"  // for VerticalLayout
#include "JustReflectMe/NlohmannJson.h"           // for json
---

/home/valerii/workspace/Nexium/sources/Editor/Windows/ECSAdapters/EditorTransformableAdapter.cpp should add these lines:
#include "Core/BaseAssert.h"                  // for Verify
#include "Editor/Windows/NxECSBasedEditor.h"  // for ECSEditorMimeAdapter
#include "ImGui/imgui.h"                      // for ImGuiTreeNodeFlags_

/home/valerii/workspace/Nexium/sources/Editor/Windows/ECSAdapters/EditorTransformableAdapter.cpp should remove these lines:

The full include-list for /home/valerii/workspace/Nexium/sources/Editor/Windows/ECSAdapters/EditorTransformableAdapter.cpp:
#include "EditorTransformableAdapter.h"
#include "Core/BaseAssert.h"                  // for Verify
#include "ECS/Transformable.h"                // for Transformable
#include "Editor/GuiComponents/Misc.h"        // for CollapsingHeader
#include "Editor/Windows/NxECSBasedEditor.h"  // for ECSEditorMimeAdapter
#include "ImGui/imgui.h"                      // for ImGuiTreeNodeFlags_
---

[641/743] Building CXX object sources/CMakeFiles/__Nexium.dir/Editor/Windows/ImageViewer.cpp.o
Warning: include-what-you-use reported diagnostics:

/home/valerii/workspace/Nexium/sources/Editor/Windows/ImageViewer.h should add these lines:
#include <filesystem>                       // for path
#include <memory>                           // for unique_ptr
#include <string>                           // for basic_string, string
#include "Core/String.h"                    // for StringAtom
#include "ECS/BaseComponent.h"              // for BaseComponent, ECS_COMPON...
#include "JustReflectMe/Adapter.h"          // for CLASS
#include "RawDataManagement/JsonAdapter.h"  // for R_FRIEND_DECL
#include "glm/detail/qualifier.hpp"         // for qualifier
#include "glm/ext/vector_float2.hpp"        // for vec2

/home/valerii/workspace/Nexium/sources/Editor/Windows/ImageViewer.h should remove these lines:
- #include "ImageViewer.generated.h"  // lines 60-60

The full include-list for /home/valerii/workspace/Nexium/sources/Editor/Windows/ImageViewer.h:
#include <filesystem>                       // for path
#include <memory>                           // for unique_ptr
#include <string>                           // for basic_string, string
#include "BaseWindow.h"                     // for BaseFloatEWC
#include "Core/String.h"                    // for StringAtom
#include "ECS/BaseComponent.h"              // for BaseComponent, ECS_COMPON...
#include "Graphics/Texture.h"               // for Texture
#include "JustReflectMe/Adapter.h"          // for CLASS
#include "RawDataManagement/JsonAdapter.h"  // for R_FRIEND_DECL
#include "glm/detail/qualifier.hpp"         // for qualifier
#include "glm/ext/vector_float2.hpp"        // for vec2
---

/home/valerii/workspace/Nexium/sources/Editor/Windows/ImageViewer.cpp should add these lines:
#include <algorithm>                    // for max
#include "Editor/Windows/BaseWindow.h"  // for BaseFloatEWC
#include "ImGui/imgui.h"                // for ImGuiMouseButton_, GetIO, ImG...
#include "glm/detail/type_vec2.inl"     // for operator+, vec<>::vec<2, T, Q>

/home/valerii/workspace/Nexium/sources/Editor/Windows/ImageViewer.cpp should remove these lines:

The full include-list for /home/valerii/workspace/Nexium/sources/Editor/Windows/ImageViewer.cpp:
#include "ImageViewer.h"
#include <algorithm>                    // for max
#include "Editor/Windows/BaseWindow.h"  // for BaseFloatEWC
#include "ImGui/imgui.h"                // for ImGuiMouseButton_, GetIO, ImG...
#include "Misc/IconsFontAwesome.h"      // for ICON_FA_PICTURE_O
#include "glm/detail/type_vec2.inl"     // for operator+, vec<>::vec<2, T, Q>
#include "glm/gtx/string_cast.hpp"  // lines 30-30
---

[642/743] Building CXX object sources/CMakeFiles/__Nexium.dir/Editor/Windows/EditorMenuBarWindow.cpp.o
Warning: include-what-you-use reported diagnostics:

/home/valerii/workspace/Nexium/sources/Editor/Windows/EditorMenuBarWindow.h should add these lines:
#include <string.h>             // for memcpy, strlen
#include "Core/String.h"        // for StringAtom
#include "ECS/BaseComponent.h"  // for BaseComponent, ECS_COMPONENT_DECL

/home/valerii/workspace/Nexium/sources/Editor/Windows/EditorMenuBarWindow.h should remove these lines:

The full include-list for /home/valerii/workspace/Nexium/sources/Editor/Windows/EditorMenuBarWindow.h:
#include <string.h>             // for memcpy, strlen
#include "BaseWindow.h"         // for BaseMenuBarEWC
#include "Core/String.h"        // for StringAtom
#include "Core/Timer.h"         // for Repeater
#include "ECS/BaseComponent.h"  // for BaseComponent, ECS_COMPONENT_DECL
---

/home/valerii/workspace/Nexium/sources/Editor/Windows/EditorMenuBarWindow.cpp should add these lines:
#include <memory>                                   // for unique_ptr
#include "Core/BaseAssert.h"                        // for Assert
#include "Editor/GameEditor.h"                      // for GameEditor
#include "Editor/ObjectSelectorManager.h"           // for ObjectSelectorMan...
#include "Editor/Windows/BaseWindow.h"              // for BaseMenuBarEWC
#include "Editor/Windows/NxECSBasedEditor.h"        // for NxECSBasedEditorEWC
#include "ImGui/imgui.h"                            // for MenuItem, BeginMenu
#include "glm/detail/qualifier.hpp"                 // for qualifier

/home/valerii/workspace/Nexium/sources/Editor/Windows/EditorMenuBarWindow.cpp should remove these lines:
- #include "ECSAdapters/EditorStaticMeshBundleAdapter.h"  // lines 27-27

The full include-list for /home/valerii/workspace/Nexium/sources/Editor/Windows/EditorMenuBarWindow.cpp:
#include "EditorMenuBarWindow.h"
#include <memory>                                   // for unique_ptr
#include "Core/BaseAssert.h"                        // for Assert
#include "Editor/GameEditor.h"                      // for GameEditor
#include "Editor/ObjectSelectorManager.h"           // for ObjectSelectorMan...
#include "Editor/Windows/AssetsManagerWindow.h"     // for AssetsManagerWind...
#include "Editor/Windows/BaseWindow.h"              // for BaseMenuBarEWC
#include "Editor/Windows/EditorSettings.h"          // for EditorSettingsEWC
#include "Editor/Windows/GameViewport.h"            // for GameViewportEWC
#include "Editor/Windows/LogsWindow.h"              // for LogsWindowEWC
#include "Editor/Windows/NxECSBasedEditor.h"        // for NxECSBasedEditorEWC
#include "Editor/Windows/ObjectPropertiesWindow.h"  // for ObjectPropertiesW...
#include "Editor/Windows/SceneTreeWindow.h"         // for SceneTreeWindowEWC
#include "GameplaySystem/Framework/GameInstance.h"  // for GameInstance, gGa...
#include "ImGui/imgui.h"                            // for MenuItem, BeginMenu
#include "ImageViewer.h"                            // for ImageViewerEWC
#include "Misc/IconsFontAwesome.h"                  // for ICON_FA_COG, ICON...
#include "ShaderManager.h"                          // for ShaderManagerEWC
#include "TextEditor.h"                             // for TextEditorEWC
#include "WorldLightning.h"                         // for WorldLightningEWC
#include "glm/detail/qualifier.hpp"                 // for qualifier
---

[643/743] Building CXX object sources/CMakeFiles/__Nexium.dir/Editor/Windows/EditorSettings.cpp.o
Warning: include-what-you-use reported diagnostics:

/home/valerii/workspace/Nexium/sources/Editor/Windows/EditorSettings.h should add these lines:
#include "Core/String.h"                            // for StringAtom
#include "ECS/BaseComponent.h"                      // for BaseComponent
#include "ImGui/imgui.h"                            // for ImGuiTreeNodeFlags_
#include "JustReflectMe/Adapter.h"                  // for CLASS
#include "RawDataManagement/JsonAdapter.h"          // for R_FRIEND_DECL
namespace Core { namespace Gui { class Button; } }
namespace Core { namespace Gui { class TextInput; } }

/home/valerii/workspace/Nexium/sources/Editor/Windows/EditorSettings.h should remove these lines:
- #include "Editor/GuiComponents/Button.h"  // lines 28-28
- #include "Editor/GuiComponents/Input.h"  // lines 30-30
- #include "EditorSettings.generated.h"  // lines 131-131

The full include-list for /home/valerii/workspace/Nexium/sources/Editor/Windows/EditorSettings.h:
#include "BaseWindow.h"                             // for BaseFloatEWC
#include "Core/String.h"                            // for StringAtom
#include "ECS/BaseComponent.h"                      // for BaseComponent
#include "Editor/GuiComponents/HorizontalLayout.h"  // for HorizontalLayout
#include "Editor/GuiComponents/VerticalLayout.h"    // for VerticalLayout
#include "ImGui/imgui.h"                            // for ImGuiTreeNodeFlags_
#include "JustReflectMe/Adapter.h"                  // for CLASS
#include "RawDataManagement/JsonAdapter.h"          // for R_FRIEND_DECL
namespace Core { namespace Gui { class Button; } }
namespace Core { namespace Gui { class Label; } }  // lines 37-37
namespace Core { namespace Gui { class TextInput; } }
---

/home/valerii/workspace/Nexium/sources/Editor/Windows/EditorSettings.cpp should add these lines:
#include <string.h>                                 // for memcpy, strlen
#include <memory>                                   // for unique_ptr
#include <optional>                                 // for optional
#include <string>                                   // for basic_string
#include <utility>                                  // for get
#include "Core/BaseAssert.h"                        // for Verify, Assert
#include "Core/Color.h"                             // for Color4, NormColor4
#include "Core/Delegate.h"                          // for Delegate
#include "Core/IntrusivePtr.h"                      // for IntrusivePtr
#include "Editor/GameEditor.h"                      // for GameEditor
#include "Editor/GuiComponents/Widget.h"            // for Flex, Align, Widget
#include "GameplaySystem/Framework/World.h"         // for World
#include "InputDevices/InputAction.h"               // for KeyboardInputAction
#include "InputDevices/InputManager.h"              // for KeyboardInputManger
#include "InputDevices/Keyboard.generated.h"        // for R
#include "InputDevices/Keyboard.h"                  // for Keyboard
#include "Scene/Scene.h"                            // for Scene
#include "glm/detail/qualifier.hpp"                 // for qualifier
#include "glm/detail/type_vec2.inl"                 // for vec<>::vec<2, T, Q>
#include "glm/ext/vector_float2.hpp"                // for vec2
#include "glm/ext/vector_float4.hpp"                // for vec4

/home/valerii/workspace/Nexium/sources/Editor/Windows/EditorSettings.cpp should remove these lines:

The full include-list for /home/valerii/workspace/Nexium/sources/Editor/Windows/EditorSettings.cpp:
#include "EditorSettings.h"
#include <string.h>                                 // for memcpy, strlen
#include <memory>                                   // for unique_ptr
#include <optional>                                 // for optional
#include <string>                                   // for basic_string
#include <utility>                                  // for get
#include "Core/BaseAssert.h"                        // for Verify, Assert
#include "Core/Color.h"                             // for Color4, NormColor4
#include "Core/Delegate.h"                          // for Delegate
#include "Core/IntrusivePtr.h"                      // for IntrusivePtr
#include "Editor/GameEditor.h"                      // for GameEditor
#include "Editor/GuiComponents/Button.h"            // for Button
#include "Editor/GuiComponents/HorizontalLayout.h"  // for HorizontalLayout
#include "Editor/GuiComponents/Input.h"             // for TextInput
#include "Editor/GuiComponents/Label.h"             // for Label
#include "Editor/GuiComponents/Separator.h"         // for Separator
#include "Editor/GuiComponents/Spacer.h"            // for Spacer
#include "Editor/GuiComponents/Widget.h"            // for Flex, Align, Widget
#include "GameplaySystem/Framework/GameInstance.h"  // for GameInstance, gGa...
#include "GameplaySystem/Framework/World.h"         // for World
#include "InputDevices/InputAction.h"               // for KeyboardInputAction
#include "InputDevices/InputManager.h"              // for KeyboardInputManger
#include "InputDevices/Keyboard.generated.h"        // for R
#include "InputDevices/Keyboard.h"                  // for Keyboard
#include "Misc/IconsFontAwesome.h"                  // for ICON_FA_COG, ICON...
#include "Scene/Scene.h"                            // for Scene
#include "Scene/Spectator.h"                        // for Spectator
#include "glm/detail/qualifier.hpp"                 // for qualifier
#include "glm/detail/type_vec2.inl"                 // for vec<>::vec<2, T, Q>
#include "glm/ext/vector_float2.hpp"                // for vec2
#include "glm/ext/vector_float4.hpp"                // for vec4
---

[644/743] Building CXX object sources/CMakeFiles/__Nexium.dir/Editor/Windows/ECSAdapters/EditorStaticMeshBundleAdapter.cpp.o
Warning: include-what-you-use reported diagnostics:

/home/valerii/workspace/Nexium/sources/Editor/Windows/ECSAdapters/EditorStaticMeshBundleAdapter.h should add these lines:
#include <cstring>                                  // for memcpy, strlen
#include <utility>                                  // for move
#include <vector>                                   // for vector
#include "Core/BaseAssert.h"                        // for Assert, Verify
#include "Core/Delegate.h"                          // for DelegateSubscribe...
#include "Core/String.h"                            // for StringAtom, opera...
#include "ECS/BaseComponent.h"                      // for BaseComponent
#include "Editor/GuiComponents/HorizontalLayout.h"  // for HorizontalLayout
#include "JustReflectMe/NlohmannJson.h"             // for json
namespace Core { namespace Gui { class ComboModelBased; } }
namespace Core { namespace Gui { template <IsWidget T> class LabelRow; } }

/home/valerii/workspace/Nexium/sources/Editor/Windows/ECSAdapters/EditorStaticMeshBundleAdapter.h should remove these lines:
- #include "Editor/GuiComponents/Combo.h"  // lines 28-28
- #include "Editor/GuiComponents/LabelRow.h"  // lines 30-30

The full include-list for /home/valerii/workspace/Nexium/sources/Editor/Windows/ECSAdapters/EditorStaticMeshBundleAdapter.h:
#include <cstring>                                  // for memcpy, strlen
#include <utility>                                  // for move
#include <vector>                                   // for vector
#include "Core/BaseAssert.h"                        // for Assert, Verify
#include "Core/Delegate.h"                          // for DelegateSubscribe...
#include "Core/String.h"                            // for StringAtom, opera...
#include "ECS/BaseComponent.h"                      // for BaseComponent
#include "Editor/GuiComponents/Array.h"             // for BaseArray
#include "Editor/GuiComponents/HorizontalLayout.h"  // for HorizontalLayout
#include "Editor/GuiComponents/Input.h"             // for TextInput (ptr only)
#include "Editor/GuiComponents/VerticalLayout.h"    // for VerticalLayout
#include "Editor/Windows/NxECSBasedEditor.h"        // for ECSEditorMimeAdapter
#include "JustReflectMe/NlohmannJson.h"             // for json
#include "assimp/postprocess.h"                     // for aiPostProcessSteps
namespace Core { namespace Gui { class ComboModelBased; } }
namespace Core { namespace Gui { template <IsWidget T> class LabelRow; } }
---

/home/valerii/workspace/Nexium/sources/Editor/Windows/ECSAdapters/EditorStaticMeshBundleAdapter.cpp should add these lines:
#include <algorithm>                                // for find
#include <functional>                               // for function
#include <iterator>                                 // for advance, distance
#include <optional>                                 // for optional
#include <ranges>                                   // for __find_fn
#include <unordered_map>                            // for unordered_map
#include "Editor/GuiComponents/Combo.h"             // for ComboModelBased
#include "Editor/GuiComponents/LabelRow.h"          // for LabelRow
#include "Editor/GuiComponents/Widget.h"            // for Flex, Align
#include "Graphics/ShaderManager.h"                 // for ShaderManager
#include "Graphics/ShaderProgramMeta.h"             // for ShaderProgramMeta
#include "ImGui/imgui.h"                            // for GetStyle, ImGuiStyle
#include "glm/detail/qualifier.hpp"                 // for qualifier
#include "glm/detail/type_vec4.inl"                 // for vec<>::vec<4, T, Q>
#include "glm/ext/vector_float4.hpp"                // for vec4

/home/valerii/workspace/Nexium/sources/Editor/Windows/ECSAdapters/EditorStaticMeshBundleAdapter.cpp should remove these lines:

The full include-list for /home/valerii/workspace/Nexium/sources/Editor/Windows/ECSAdapters/EditorStaticMeshBundleAdapter.cpp:
#include "EditorStaticMeshBundleAdapter.h"
#include <algorithm>                                // for find
#include <functional>                               // for function
#include <iterator>                                 // for advance, distance
#include <optional>                                 // for optional
#include <ranges>                                   // for __find_fn
#include <unordered_map>                            // for unordered_map
#include "AssimpMisc/AssimpHelper.h"                // for aiPostProcessStep...
#include "Editor/GuiComponents/Combo.h"             // for ComboModelBased
#include "Editor/GuiComponents/LabelRow.h"          // for LabelRow
#include "Editor/GuiComponents/Misc.h"              // for CollapsingHeader
#include "Editor/GuiComponents/Widget.h"            // for Flex, Align
#include "GameplaySystem/Framework/GameInstance.h"  // for GetShaderManager
#include "Graphics/Primitives/StaticMeshBundle.h"   // for StaticMeshBundle
#include "Graphics/ShaderManager.h"                 // for ShaderManager
#include "Graphics/ShaderProgramMeta.h"             // for ShaderProgramMeta
#include "ImGui/imgui.h"                            // for GetStyle, ImGuiStyle
#include "glm/detail/qualifier.hpp"                 // for qualifier
#include "glm/detail/type_vec4.inl"                 // for vec<>::vec<4, T, Q>
#include "glm/ext/vector_float4.hpp"                // for vec4
---

[645/743] Building CXX object sources/CMakeFiles/__Nexium.dir/Editor/Windows/ModalAssetsSearchPopUp.cpp.o
Warning: include-what-you-use reported diagnostics:

/home/valerii/workspace/Nexium/sources/Editor/Windows/ModalAssetsSearchPopUp.h should add these lines:
#include <string.h>                               // for memcpy, strlen
#include <functional>                             // for function
#include "Core/Delegate.h"                        // for DelegateSubscriberP...
#include "Core/String.h"                          // for StringAtom
#include "ECS/BaseComponent.h"                    // for BaseComponent, ECS_...

/home/valerii/workspace/Nexium/sources/Editor/Windows/ModalAssetsSearchPopUp.h should remove these lines:

The full include-list for /home/valerii/workspace/Nexium/sources/Editor/Windows/ModalAssetsSearchPopUp.h:
#include <string.h>                               // for memcpy, strlen
#include <functional>                             // for function
#include "AssetsManager/ECSAsset.h"               // for NXAsset
#include "BaseWindow.h"                           // for BaseEWC
#include "Core/Delegate.h"                        // for DelegateSubscriberP...
#include "Core/String.h"                          // for StringAtom
#include "ECS/BaseComponent.h"                    // for BaseComponent, ECS_...
#include "Editor/GuiComponents/VerticalLayout.h"  // for VerticalLayout
namespace Core { namespace Gui { class Button; } }  // lines 37-37
namespace Core { namespace Gui { class ListModelBased; } }  // lines 36-36
---

/home/valerii/workspace/Nexium/sources/Editor/Windows/ModalAssetsSearchPopUp.cpp should add these lines:
#include <cstddef>                                  // for size_t
#include <utility>                                  // for move
#include "AssetsManager/AssetsManager.h"            // for AssetsManager
#include "Core/BaseAssert.h"                        // for Assert, Verify
#include "Core/IntrusivePtr.h"                      // for WeakData
#include "Editor/GameEditor.h"                      // for GameEditor
#include "Editor/GuiComponents/Widget.h"            // for Flex, Align
#include "Editor/Windows/BaseWindow.h"              // for BaseEWC
#include "GameplaySystem/Framework/World.h"         // for World
#include "ImGui/imgui.h"                            // for BeginPopupModal
#include "glm/detail/qualifier.hpp"                 // for qualifier
#include "glm/detail/type_vec2.inl"                 // for vec<>::vec<2, T, Q>
#include "glm/ext/vector_float2.hpp"                // for vec2

/home/valerii/workspace/Nexium/sources/Editor/Windows/ModalAssetsSearchPopUp.cpp should remove these lines:

The full include-list for /home/valerii/workspace/Nexium/sources/Editor/Windows/ModalAssetsSearchPopUp.cpp:
#include "ModalAssetsSearchPopUp.h"
#include <cstddef>                                  // for size_t
#include <utility>                                  // for move
#include "AssetsManager/AssetsManager.h"            // for AssetsManager
#include "Core/BaseAssert.h"                        // for Assert, Verify
#include "Core/IntrusivePtr.h"                      // for WeakData
#include "Editor/GameEditor.h"                      // for GameEditor
#include "Editor/GuiComponents/Button.h"            // for Button
#include "Editor/GuiComponents/HorizontalLayout.h"  // for HorizontalLayout
#include "Editor/GuiComponents/Input.h"             // for TextInput
#include "Editor/GuiComponents/List.h"              // for ListModelBased
#include "Editor/GuiComponents/Separator.h"         // for Separator
#include "Editor/GuiComponents/Widget.h"            // for Flex, Align
#include "Editor/Windows/BaseWindow.h"              // for BaseEWC
#include "GameplaySystem/Framework/GameInstance.h"  // for GetAssetsManager
#include "GameplaySystem/Framework/World.h"         // for World
#include "ImGui/imgui.h"                            // for BeginPopupModal
#include "glm/detail/qualifier.hpp"                 // for qualifier
#include "glm/detail/type_vec2.inl"                 // for vec<>::vec<2, T, Q>
#include "glm/ext/vector_float2.hpp"                // for vec2
---

[646/743] Building CXX object sources/CMakeFiles/__Nexium.dir/Editor/Windows/GameViewport.cpp.o
Warning: include-what-you-use reported diagnostics:

/home/valerii/workspace/Nexium/sources/Editor/Windows/GameViewport.h should add these lines:
#include "ECS/BaseComponent.h"              // for BaseComponent, ECS_COMPON...
#include "JustReflectMe/Adapter.h"          // for CLASS
#include "RawDataManagement/JsonAdapter.h"  // for R_FRIEND_DECL

/home/valerii/workspace/Nexium/sources/Editor/Windows/GameViewport.h should remove these lines:
- #include "GameViewport.generated.h"  // lines 49-49

The full include-list for /home/valerii/workspace/Nexium/sources/Editor/Windows/GameViewport.h:
#include "BaseWindow.h"                     // for BaseFloatEWC
#include "ECS/BaseComponent.h"              // for BaseComponent, ECS_COMPON...
#include "JustReflectMe/Adapter.h"          // for CLASS
#include "RawDataManagement/JsonAdapter.h"  // for R_FRIEND_DECL
---

/home/valerii/workspace/Nexium/sources/Editor/Windows/GameViewport.cpp should add these lines:
#include <memory>                                   // for unique_ptr
#include "Editor/Windows/BaseWindow.h"              // for BaseFloatEWC
#include "Graphics/RenderTargetToTexture.h"         // for RenderTargetToTex...
#include "ImGui/imgui.h"                            // for ImGuiHoveredFlags_
#include "glm/detail/qualifier.hpp"                 // for qualifier
#include "glm/detail/type_vec2.inl"                 // for vec<>::vec<2, T, Q>
#include "glm/ext/vector_float2.hpp"                // for vec2

/home/valerii/workspace/Nexium/sources/Editor/Windows/GameViewport.cpp should remove these lines:

The full include-list for /home/valerii/workspace/Nexium/sources/Editor/Windows/GameViewport.cpp:
#include "GameViewport.h"
#include <memory>                                   // for unique_ptr
#include "Editor/Windows/BaseWindow.h"              // for BaseFloatEWC
#include "GameplaySystem/Framework/GameInstance.h"  // for GameInstance, gGa...
#include "Graphics/RenderTargetToTexture.h"         // for RenderTargetToTex...
#include "ImGui/imgui.h"                            // for ImGuiHoveredFlags_
#include "ImGui/imgui_internal.h"                   // for FocusWindow, GetC...
#include "Misc/IconsFontAwesome.h"                  // for ICON_FA_VIDEO_CAMERA
#include "glm/detail/qualifier.hpp"                 // for qualifier
#include "glm/detail/type_vec2.inl"                 // for vec<>::vec<2, T, Q>
#include "glm/ext/vector_float2.hpp"                // for vec2
---

[647/743] Building CXX object sources/CMakeFiles/__Nexium.dir/Editor/Windows/LogsWindow.cpp.o
Warning: include-what-you-use reported diagnostics:

/home/valerii/workspace/Nexium/sources/Editor/Windows/LogsWindow.h should add these lines:
#include <cstring>                                  // for memcpy, size_t
#include <unordered_map>                            // for unordered_map
#include <vector>                                   // for vector
#include "Core/Color.h"                             // for Color4
#include "Core/Delegate.h"                          // for DelegateSubscribe...
#include "Core/String.h"                            // for StringAtom
#include "ECS/BaseComponent.h"                      // for BaseComponent
#include "JustReflectMe/Adapter.h"                  // for CLASS, FIELD
#include "RawDataManagement/JsonAdapter.h"          // for R_FRIEND_DECL
#include "spdlog/common.h"                          // for level_enum
namespace Core { namespace Gui { class Button; } }
namespace Core { namespace Gui { class TextInput; } }
namespace Core { namespace Gui { class ToggleButton; } }

/home/valerii/workspace/Nexium/sources/Editor/Windows/LogsWindow.h should remove these lines:
- #include "Editor/GuiComponents/Button.h"  // lines 28-28
- #include "Editor/GuiComponents/Input.h"  // lines 30-30
- #include "LogsWindow.generated.h"  // lines 117-117

The full include-list for /home/valerii/workspace/Nexium/sources/Editor/Windows/LogsWindow.h:
#include <cstring>                                  // for memcpy, size_t
#include <unordered_map>                            // for unordered_map
#include <vector>                                   // for vector
#include "BaseWindow.h"                             // for BaseFloatEWC
#include "Core/Color.h"                             // for Color4
#include "Core/Delegate.h"                          // for DelegateSubscribe...
#include "Core/String.h"                            // for StringAtom
#include "ECS/BaseComponent.h"                      // for BaseComponent
#include "Editor/GuiComponents/HorizontalLayout.h"  // for HorizontalLayout
#include "JustReflectMe/Adapter.h"                  // for CLASS, FIELD
#include "Misc/Configs.h"                           // for ColorGrey, ColorH...
#include "RawDataManagement/JsonAdapter.h"          // for R_FRIEND_DECL
#include "spdlog/common.h"                          // for level_enum
namespace Core { namespace Gui { class Button; } }
namespace Core { namespace Gui { class TextInput; } }
namespace Core { namespace Gui { class ToggleButton; } }
---

/home/valerii/workspace/Nexium/sources/Editor/Windows/LogsWindow.cpp should add these lines:
#include <cmath>                                    // for ceil
#include <string>                                   // for basic_string
#include <utility>                                  // for get, move
#include "Core/Math.h"                              // for IsZero
#include "Editor/GuiComponents/Button.h"            // for ToggleButton, Button
#include "Editor/GuiComponents/Widget.h"            // for Flex
#include "Editor/Windows/BaseWindow.h"              // for BaseFloatEWC
#include "GameplaySystem/Framework/World.h"         // for World
#include "ImGui/imgui.h"                            // for ImGuiCol_, PushSt...
#include "Misc/BaseLog.h"                           // for LogQueue
#include "glm/detail/qualifier.hpp"                 // for qualifier
#include "glm/detail/type_vec2.inl"                 // for vec<>::vec<2, T, Q>
#include "glm/ext/vector_float2.hpp"                // for vec2
#include "pcre2.h"                                  // for PCRE2_CASELESS

/home/valerii/workspace/Nexium/sources/Editor/Windows/LogsWindow.cpp should remove these lines:

The full include-list for /home/valerii/workspace/Nexium/sources/Editor/Windows/LogsWindow.cpp:
#include "LogsWindow.h"
#include <cmath>                                    // for ceil
#include <string>                                   // for basic_string
#include <utility>                                  // for get, move
#include "Core/Math.h"                              // for IsZero
#include "Editor/GuiComponents/Button.h"            // for ToggleButton, Button
#include "Editor/GuiComponents/Input.h"             // for TextInput
#include "Editor/GuiComponents/Spacer.h"            // for Spacer
#include "Editor/GuiComponents/Widget.h"            // for Flex
#include "Editor/Windows/BaseWindow.h"              // for BaseFloatEWC
#include "GameplaySystem/Framework/GameInstance.h"  // for GetWorld
#include "GameplaySystem/Framework/World.h"         // for World
#include "ImGui/imgui.h"                            // for ImGuiCol_, PushSt...
#include "Misc/BaseLog.h"                           // for LogQueue
#include "Misc/IconsFontAwesome.h"                  // for ICON_FA_ALIGN_LEFT
#include "glm/detail/qualifier.hpp"                 // for qualifier
#include "glm/detail/type_vec2.inl"                 // for vec<>::vec<2, T, Q>
#include "glm/ext/vector_float2.hpp"                // for vec2
#include "pcre2.h"                                  // for PCRE2_CASELESS
---

[648/743] Building CXX object sources/CMakeFiles/__Nexium.dir/Editor/Windows/ModalPopUp.cpp.o
Warning: include-what-you-use reported diagnostics:

/home/valerii/workspace/Nexium/sources/Editor/Windows/ModalPopUp.h should add these lines:
#include <string.h>                                 // for memcpy
#include <functional>                               // for function
#include "Core/Delegate.h"                          // for DelegateSubscribe...
#include "Core/String.h"                            // for StringAtom
#include "ECS/BaseComponent.h"                      // for BaseComponent
namespace Core { namespace Gui { class Button; } }

/home/valerii/workspace/Nexium/sources/Editor/Windows/ModalPopUp.h should remove these lines:
- #include "Editor/GuiComponents/Button.h"  // lines 28-28

The full include-list for /home/valerii/workspace/Nexium/sources/Editor/Windows/ModalPopUp.h:
#include <string.h>                                 // for memcpy
#include <functional>                               // for function
#include "BaseWindow.h"                             // for BaseEWC
#include "Core/Delegate.h"                          // for DelegateSubscribe...
#include "Core/String.h"                            // for StringAtom
#include "ECS/BaseComponent.h"                      // for BaseComponent
#include "Editor/GuiComponents/HorizontalLayout.h"  // for HorizontalLayout
namespace Core { namespace Gui { class Button; } }
---

/home/valerii/workspace/Nexium/sources/Editor/Windows/ModalPopUp.cpp should add these lines:
#include <utility>                                  // for move
#include "Core/BaseAssert.h"                        // for Verify
#include "Editor/GameEditor.h"                      // for GameEditor
#include "Editor/GuiComponents/Button.h"            // for Button
#include "Editor/GuiComponents/Widget.h"            // for Align
#include "Editor/Windows/BaseWindow.h"              // for BaseEWC
#include "GameplaySystem/Framework/World.h"         // for World
#include "ImGui/imgui.h"                            // for Dummy, CloseCurre...

/home/valerii/workspace/Nexium/sources/Editor/Windows/ModalPopUp.cpp should remove these lines:

The full include-list for /home/valerii/workspace/Nexium/sources/Editor/Windows/ModalPopUp.cpp:
#include "ModalPopUp.h"
#include <utility>                                  // for move
#include "Core/BaseAssert.h"                        // for Verify
#include "Editor/GameEditor.h"                      // for GameEditor
#include "Editor/GuiComponents/Button.h"            // for Button
#include "Editor/GuiComponents/Widget.h"            // for Align
#include "Editor/Windows/BaseWindow.h"              // for BaseEWC
#include "GameplaySystem/Framework/GameInstance.h"  // for GetEditor, GetWorld
#include "GameplaySystem/Framework/World.h"         // for World
#include "ImGui/imgui.h"                            // for Dummy, CloseCurre...
#include "Misc/IconsFontAwesome.h"                  // for ICON_FA_TIMES
---

[649/743] Building CXX object sources/CMakeFiles/__Nexium.dir/Editor/Windows/ModalECSSearchPopUp.cpp.o
Warning: include-what-you-use reported diagnostics:

/home/valerii/workspace/Nexium/sources/Editor/Windows/ModalECSSearchPopUp.h should add these lines:
#include <string.h>                               // for memcpy, strlen
#include <functional>                             // for function
#include "Core/Delegate.h"                        // for DelegateSubscriberP...
#include "Core/String.h"                          // for StringAtom
#include "ECS/BaseComponent.h"                    // for BaseComponent, ECS_...
namespace Core { namespace Gui { class TextInput; } }
namespace Core { namespace Gui { template <IsWidget T> class LabelRow; } }

/home/valerii/workspace/Nexium/sources/Editor/Windows/ModalECSSearchPopUp.h should remove these lines:
- #include "Editor/GuiComponents/Input.h"  // lines 28-28
- #include "Editor/GuiComponents/LabelRow.h"  // lines 29-29

The full include-list for /home/valerii/workspace/Nexium/sources/Editor/Windows/ModalECSSearchPopUp.h:
#include <string.h>                               // for memcpy, strlen
#include <functional>                             // for function
#include "BaseWindow.h"                           // for BaseEWC
#include "Core/Delegate.h"                        // for DelegateSubscriberP...
#include "Core/String.h"                          // for StringAtom
#include "ECS/BaseComponent.h"                    // for BaseComponent, ECS_...
#include "Editor/GuiComponents/VerticalLayout.h"  // for VerticalLayout
namespace Core { namespace Gui { class Button; } }  // lines 37-37
namespace Core { namespace Gui { class ListView; } }  // lines 36-36
namespace Core { namespace Gui { class TextInput; } }
namespace Core { namespace Gui { template <IsWidget T> class LabelRow; } }
---

/home/valerii/workspace/Nexium/sources/Editor/Windows/ModalECSSearchPopUp.cpp should add these lines:
#include <algorithm>                                // for __sort_fn, sort
#include <string>                                   // for basic_string
#include <utility>                                  // for move
#include <vector>                                   // for vector
#include "Core/BaseAssert.h"                        // for Verify
#include "Core/Color.h"                             // for Color4_Red
#include "Core/IntrusivePtr.h"                      // for IntrusivePtr
#include "Editor/GameEditor.h"                      // for GameEditor
#include "Editor/GuiComponents/LabelRow.h"          // for LabelRow
#include "Editor/GuiComponents/Widget.h"            // for Flex, Align
#include "Editor/Windows/BaseWindow.h"              // for BaseEWC
#include "GameplaySystem/Framework/World.h"         // for World
#include "ImGui/imgui.h"                            // for BeginPopupModal
#include "glm/detail/qualifier.hpp"                 // for qualifier
#include "glm/detail/type_vec2.inl"                 // for vec<>::vec<2, T, Q>
#include "glm/ext/vector_float2.hpp"                // for vec2

/home/valerii/workspace/Nexium/sources/Editor/Windows/ModalECSSearchPopUp.cpp should remove these lines:

The full include-list for /home/valerii/workspace/Nexium/sources/Editor/Windows/ModalECSSearchPopUp.cpp:
#include "ModalECSSearchPopUp.h"
#include <algorithm>                                // for __sort_fn, sort
#include <string>                                   // for basic_string
#include <utility>                                  // for move
#include <vector>                                   // for vector
#include "Core/BaseAssert.h"                        // for Verify
#include "Core/Color.h"                             // for Color4_Red
#include "Core/IntrusivePtr.h"                      // for IntrusivePtr
#include "Editor/GameEditor.h"                      // for GameEditor
#include "Editor/GuiComponents/Button.h"            // for Button
#include "Editor/GuiComponents/HorizontalLayout.h"  // for HorizontalLayout
#include "Editor/GuiComponents/Input.h"             // for TextInput
#include "Editor/GuiComponents/LabelRow.h"          // for LabelRow
#include "Editor/GuiComponents/List.h"              // for ListView
#include "Editor/GuiComponents/Separator.h"         // for Separator
#include "Editor/GuiComponents/Widget.h"            // for Flex, Align
#include "Editor/Windows/BaseWindow.h"              // for BaseEWC
#include "GameplaySystem/Framework/GameInstance.h"  // for GetEditor, GetWorld
#include "GameplaySystem/Framework/World.h"         // for World
#include "ImGui/imgui.h"                            // for BeginPopupModal
#include "glm/detail/qualifier.hpp"                 // for qualifier
#include "glm/detail/type_vec2.inl"                 // for vec<>::vec<2, T, Q>
#include "glm/ext/vector_float2.hpp"                // for vec2
---

[650/743] Building CXX object sources/CMakeFiles/__Nexium.dir/Editor/Windows/NxEditorBaseEditor.cpp.o
Warning: include-what-you-use reported diagnostics:

/home/valerii/workspace/Nexium/sources/Editor/Windows/NxEditorBaseEditor.h should add these lines:
#include <filesystem>                       // for path
#include <string>                           // for basic_string, string
#include "Core/String.h"                    // for StringAtom
#include "ECS/BaseComponent.h"              // for BaseComponent, ECS_COMPON...
#include "JustReflectMe/Adapter.h"          // for CLASS
#include "RawDataManagement/JsonAdapter.h"  // for R_FRIEND_DECL

/home/valerii/workspace/Nexium/sources/Editor/Windows/NxEditorBaseEditor.h should remove these lines:
- #include "NxEditorBaseEditor.generated.h"  // lines 94-94

The full include-list for /home/valerii/workspace/Nexium/sources/Editor/Windows/NxEditorBaseEditor.h:
#include <filesystem>                       // for path
#include <set>                              // for set
#include <string>                           // for basic_string, string
#include "BaseWindow.h"                     // for BaseFloatEWC
#include "Core/String.h"                    // for StringAtom
#include "ECS/BaseComponent.h"              // for BaseComponent, ECS_COMPON...
#include "JustReflectMe/Adapter.h"          // for CLASS
#include "RawDataManagement/JsonAdapter.h"  // for R_FRIEND_DECL
---

/home/valerii/workspace/Nexium/sources/Editor/Windows/NxEditorBaseEditor.cpp should add these lines:
#include <vector>                         // for vector
#include "Editor/Windows/BaseWindow.h"    // for BaseFloatEWC
#include "ImGui/imgui.h"                  // for BeginChild, EndChild, MenuItem
#include "glm/detail/qualifier.hpp"       // for qualifier
#include "glm/detail/type_vec2.inl"       // for vec<>::vec<2, T, Q>
#include "glm/ext/vector_float2.hpp"      // for vec2

/home/valerii/workspace/Nexium/sources/Editor/Windows/NxEditorBaseEditor.cpp should remove these lines:

The full include-list for /home/valerii/workspace/Nexium/sources/Editor/Windows/NxEditorBaseEditor.cpp:
#include "NxEditorBaseEditor.h"
#include <vector>                         // for vector
#include "AssetsManager/AssetsManager.h"  // for AssetsManager
#include "Editor/Windows/BaseWindow.h"    // for BaseFloatEWC
#include "ImGui/imgui.h"                  // for BeginChild, EndChild, MenuItem
#include "Misc/IconsFontAwesome.h"        // for ICON_FA_COG, ICON_FA_FILE_O
#include "glm/detail/qualifier.hpp"       // for qualifier
#include "glm/detail/type_vec2.inl"       // for vec<>::vec<2, T, Q>
#include "glm/ext/vector_float2.hpp"      // for vec2
---

[651/743] Building CXX object sources/CMakeFiles/__Nexium.dir/Editor/Windows/RootDockWindow.cpp.o
Warning: include-what-you-use reported diagnostics:

/home/valerii/workspace/Nexium/sources/Editor/Windows/RootDockWindow.h should add these lines:
#include "ECS/BaseComponent.h"  // for BaseComponent, ECS_COMPONENT_DECL

/home/valerii/workspace/Nexium/sources/Editor/Windows/RootDockWindow.h should remove these lines:

The full include-list for /home/valerii/workspace/Nexium/sources/Editor/Windows/RootDockWindow.h:
#include "BaseWindow.h"         // for BaseEWC
#include "ECS/BaseComponent.h"  // for BaseComponent, ECS_COMPONENT_DECL
---

/home/valerii/workspace/Nexium/sources/Editor/Windows/RootDockWindow.cpp should add these lines:
#include "Editor/Windows/BaseWindow.h"  // for BaseEWC
#include "ImGui/imgui.h"                // for ImGuiWindowFlags_, ImGuiViewport
#include "glm/detail/qualifier.hpp"     // for qualifier
#include "glm/detail/type_vec2.inl"     // for vec<>::vec<2, T, Q>
#include "glm/ext/vector_float2.hpp"    // for vec2

/home/valerii/workspace/Nexium/sources/Editor/Windows/RootDockWindow.cpp should remove these lines:

The full include-list for /home/valerii/workspace/Nexium/sources/Editor/Windows/RootDockWindow.cpp:
#include "RootDockWindow.h"
#include "Editor/Windows/BaseWindow.h"  // for BaseEWC
#include "ImGui/imgui.h"                // for ImGuiWindowFlags_, ImGuiViewport
#include "ImGui/imgui_internal.h"       // for ImGuiDockNodeFlagsPrivate_
#include "glm/detail/qualifier.hpp"     // for qualifier
#include "glm/detail/type_vec2.inl"     // for vec<>::vec<2, T, Q>
#include "glm/ext/vector_float2.hpp"    // for vec2
---

[652/743] Building CXX object sources/CMakeFiles/__Nexium.dir/Editor/Windows/NxECSBasedEditor.cpp.o
Warning: include-what-you-use reported diagnostics:

/home/valerii/workspace/Nexium/sources/Editor/Windows/NxECSBasedEditor.h should add these lines:
#include "Core/Delegate.h"                        // for DelegateSubscriberP...
#include "Core/String.h"                          // for StringAtom
#include "ECS/BaseComponent.h"                    // for BaseComponent, ECS_...
#include "JustReflectMe/NlohmannJson.h"           // for json, basic_json
namespace Core { namespace Gui { class TextInput; } }
namespace Core { namespace Gui { template <IsWidget T> class LabelRow; } }

/home/valerii/workspace/Nexium/sources/Editor/Windows/NxECSBasedEditor.h should remove these lines:
- #include "Editor/GuiComponents/Input.h"  // lines 28-28
- #include "Editor/GuiComponents/LabelRow.h"  // lines 29-29

The full include-list for /home/valerii/workspace/Nexium/sources/Editor/Windows/NxECSBasedEditor.h:
#include "AssetsManager/ECSAsset.h"               // for NXAsset
#include "Core/Delegate.h"                        // for DelegateSubscriberP...
#include "Core/String.h"                          // for StringAtom
#include "ECS/BaseComponent.h"                    // for BaseComponent, ECS_...
#include "Editor/GuiComponents/VerticalLayout.h"  // for VerticalLayout
#include "InputDevices/InputManager.h"            // for KeyboardInputManger
#include "JustReflectMe/NlohmannJson.h"           // for json, basic_json
#include "NxEditorBaseEditor.h"                   // for NxEditorBaseEditorEWC
namespace Core { namespace Gui { class TextInput; } }
namespace Core { namespace Gui { template <IsWidget T> class LabelRow; } }
---

/home/valerii/workspace/Nexium/sources/Editor/Windows/NxECSBasedEditor.cpp should add these lines:
#include <string.h>                                            // for memcpy
#include <filesystem>                                          // for path
#include <functional>                                          // for function
#include <string>                                              // for basic_...
#include <vector>                                              // for vector
#include "AssetsManager/AssetsManager.h"                       // for Assets...
#include "Core/BaseAssert.h"                                   // for Assert
#include "Core/IntrusivePtr.h"                                 // for Intrus...
#include "Editor/GuiComponents/Input.h"                        // for TextInput
#include "Editor/GuiComponents/LabelRow.h"                     // for LabelRow
#include "Editor/GuiComponents/Widget.h"                       // for Flex
#include "Editor/Windows/NxEditorBaseEditor.h"                 // for NxEdit...
#include "GameplaySystem/Framework/World.h"                    // for World
#include "ImGui/imgui.h"                                       // for ImGuiT...
#include "InputDevices/InputAction.h"                          // for Keyboa...
#include "InputDevices/Keyboard.h"                             // for Keyboard
#include "Misc/BaseLog.h"                                      // for GlobalLog
#include "Misc/IconsFontAwesome.h"                             // for ICON_F...
#include "glm/detail/qualifier.hpp"                            // for qualifier
#include "glm/detail/type_vec4.inl"                            // for vec<>:...
#include "glm/fwd.hpp"                                         // for vec4

/home/valerii/workspace/Nexium/sources/Editor/Windows/NxECSBasedEditor.cpp should remove these lines:

The full include-list for /home/valerii/workspace/Nexium/sources/Editor/Windows/NxECSBasedEditor.cpp:
#include "NxECSBasedEditor.h"
#include <string.h>                                            // for memcpy
#include <filesystem>                                          // for path
#include <functional>                                          // for function
#include <string>                                              // for basic_...
#include <vector>                                              // for vector
#include "AssetsManager/AssetsManager.h"                       // for Assets...
#include "Core/BaseAssert.h"                                   // for Assert
#include "Core/IntrusivePtr.h"                                 // for Intrus...
#include "ECSAdapters/BaseComponentAdapter.h"                  // for ECSBas...
#include "ECSAdapters/EditorActorAdapter.h"                    // for ECSEdi...
#include "ECSAdapters/EditorInterleavedGraphicsDataAdapter.h"  // for ECSEdi...
#include "ECSAdapters/EditorStaticMeshBundleAdapter.h"         // for ECSEdi...
#include "Editor/GuiComponents/Input.h"                        // for TextInput
#include "Editor/GuiComponents/LabelRow.h"                     // for LabelRow
#include "Editor/GuiComponents/Misc.h"                         // for Collap...
#include "Editor/GuiComponents/Widget.h"                       // for Flex
#include "Editor/Windows/NxEditorBaseEditor.h"                 // for NxEdit...
#include "GameplaySystem/Framework/GameInstance.h"             // for GetAss...
#include "GameplaySystem/Framework/World.h"                    // for World
#include "ImGui/imgui.h"                                       // for ImGuiT...
#include "ImGui/imgui_internal.h"                              // for ClearA...
#include "InputDevices/InputAction.h"                          // for Keyboa...
#include "InputDevices/Keyboard.h"                             // for Keyboard
#include "Misc/BaseLog.h"                                      // for GlobalLog
#include "Misc/IconsFontAwesome.h"                             // for ICON_F...
#include "ModalECSSearchPopUp.h"                               // for ModalE...
#include "glm/detail/qualifier.hpp"                            // for qualifier
#include "glm/detail/type_vec4.inl"                            // for vec<>:...
#include "glm/fwd.hpp"                                         // for vec4
---

[653/743] Building CXX object sources/CMakeFiles/__Nexium.dir/GameplaySystem/Framework/CameraManager.cpp.o
[654/743] Building CXX object sources/CMakeFiles/__Nexium.dir/GameplaySystem/Framework/ActorManager.cpp.o
[655/743] Building CXX object sources/CMakeFiles/__Nexium.dir/GameplaySystem/Framework/ControllerManager.cpp.o
[656/743] Building CXX object sources/CMakeFiles/__Nexium.dir/Editor/Windows/NxTextureEditor.cpp.o
Warning: include-what-you-use reported diagnostics:

/home/valerii/workspace/Nexium/sources/Editor/Windows/NxTextureEditor.h should add these lines:
#include "Core/BaseAssert.h"                      // for Assert
#include "Core/Delegate.h"                        // for DelegateSubscriberP...
#include "ECS/BaseComponent.h"                    // for BaseComponent, ECS_...
#include "glm/detail/qualifier.hpp"               // for qualifier
#include "glm/ext/vector_float2.hpp"              // for vec2
namespace Core { namespace Gui { class CheckBox; } }
namespace Core { namespace Gui { class TextInput; } }
namespace Core { namespace Gui { template <IsWidget T> class LabelRow; } }

/home/valerii/workspace/Nexium/sources/Editor/Windows/NxTextureEditor.h should remove these lines:
- #include "Editor/GuiComponents/CheckBox.h"  // lines 28-28
- #include "Editor/GuiComponents/Input.h"  // lines 29-29
- #include "Editor/GuiComponents/LabelRow.h"  // lines 30-30

The full include-list for /home/valerii/workspace/Nexium/sources/Editor/Windows/NxTextureEditor.h:
#include "AssetsManager/TextureAsset.h"           // for NXTexture
#include "Core/BaseAssert.h"                      // for Assert
#include "Core/Delegate.h"                        // for DelegateSubscriberP...
#include "ECS/BaseComponent.h"                    // for BaseComponent, ECS_...
#include "Editor/GuiComponents/VecInput.h"        // for Int2Input
#include "Editor/GuiComponents/VerticalLayout.h"  // for VerticalLayout
#include "Editor/Windows/NxEditorBaseEditor.h"    // for NxEditorBaseEditorEWC
#include "glm/detail/qualifier.hpp"               // for qualifier
#include "glm/ext/vector_float2.hpp"              // for vec2
namespace Core { namespace Gui { class CheckBox; } }
namespace Core { namespace Gui { class TextInput; } }
namespace Core { namespace Gui { template <IsWidget T> class LabelRow; } }
---

/home/valerii/workspace/Nexium/sources/Editor/Windows/NxTextureEditor.cpp should add these lines:
#include <string.h>                                 // for memcpy, memcmp
#include <algorithm>                                // for max
#include <filesystem>                               // for path
#include <set>                                      // for set
#include <string>                                   // for basic_string, all...
#include "AssetsManager/AssetsManager.h"            // for AssetsManager
#include "Core/String.h"                            // for operator""_atom
#include "Editor/GuiComponents/CheckBox.h"          // for CheckBox
#include "Editor/GuiComponents/Input.h"             // for TextInput
#include "Editor/GuiComponents/LabelRow.h"          // for LabelRow
#include "Editor/GuiComponents/Widget.h"            // for Flex
#include "GameplaySystem/Framework/World.h"         // for World
#include "Graphics/Image.generated.h"               // for R
#include "Graphics/Image.h"                         // for Image
#include "Graphics/Texture.h"                       // for Texture
#include "ImGui/imgui.h"                            // for ImGuiMouseButton_
#include "glm/detail/type_vec2.hpp"                 // for vec
#include "glm/detail/type_vec2.inl"                 // for vec<>::vec<2, T, Q>
#include "glm/detail/type_vec4.inl"                 // for vec<>::vec<4, T, Q>
#include "glm/ext/vector_float4.hpp"                // for vec4

/home/valerii/workspace/Nexium/sources/Editor/Windows/NxTextureEditor.cpp should remove these lines:

The full include-list for /home/valerii/workspace/Nexium/sources/Editor/Windows/NxTextureEditor.cpp:
#include "NxTextureEditor.h"
#include <string.h>                                 // for memcpy, memcmp
#include <algorithm>                                // for max
#include <filesystem>                               // for path
#include <set>                                      // for set
#include <string>                                   // for basic_string, all...
#include "AssetsManager/AssetsManager.h"            // for AssetsManager
#include "Core/String.h"                            // for operator""_atom
#include "Editor/GuiComponents/CheckBox.h"          // for CheckBox
#include "Editor/GuiComponents/Input.h"             // for TextInput
#include "Editor/GuiComponents/LabelRow.h"          // for LabelRow
#include "Editor/GuiComponents/Misc.h"              // for CollapsingHeader
#include "Editor/GuiComponents/Widget.h"            // for Flex
#include "GameplaySystem/Framework/GameInstance.h"  // for GetAssetsManager
#include "GameplaySystem/Framework/World.h"         // for World
#include "Graphics/Image.generated.h"               // for R
#include "Graphics/Image.h"                         // for Image
#include "Graphics/Texture.h"                       // for Texture
#include "ImGui/imgui.h"                            // for ImGuiMouseButton_
#include "Misc/IconsFontAwesome.h"                  // for ICON_FA_COG
#include "glm/detail/type_vec2.hpp"                 // for vec
#include "glm/detail/type_vec2.inl"                 // for vec<>::vec<2, T, Q>
#include "glm/detail/type_vec4.inl"                 // for vec<>::vec<4, T, Q>
#include "glm/ext/vector_float4.hpp"                // for vec4
---

[657/743] Building CXX object sources/CMakeFiles/__Nexium.dir/Editor/Windows/TextEditor.cpp.o
Warning: include-what-you-use reported diagnostics:

/home/valerii/workspace/Nexium/sources/Editor/Windows/TextEditor.h should add these lines:
#include <filesystem>                       // for path
#include <string>                           // for basic_string, string
#include "Core/String.h"                    // for StringAtom
#include "ECS/BaseComponent.h"              // for BaseComponent, ECS_COMPON...
#include "JustReflectMe/Adapter.h"          // for CLASS
#include "RawDataManagement/JsonAdapter.h"  // for R_FRIEND_DECL

/home/valerii/workspace/Nexium/sources/Editor/Windows/TextEditor.h should remove these lines:
- #include "TextEditor.generated.h"  // lines 61-61

The full include-list for /home/valerii/workspace/Nexium/sources/Editor/Windows/TextEditor.h:
#include <filesystem>                       // for path
#include <string>                           // for basic_string, string
#include "BaseWindow.h"                     // for BaseFloatEWC
#include "Core/String.h"                    // for StringAtom
#include "ECS/BaseComponent.h"              // for BaseComponent, ECS_COMPON...
#include "JustReflectMe/Adapter.h"          // for CLASS
#include "RawDataManagement/JsonAdapter.h"  // for R_FRIEND_DECL
---

/home/valerii/workspace/Nexium/sources/Editor/Windows/TextEditor.cpp should add these lines:
#include <errno.h>                        // for errno
#include <cstring>                        // for memcpy, strlen, strstr, str...
#include <fstream>                        // for basic_ofstream, basic_ostre...
#include "Core/Size.h"                    // for FSize2
#include "Editor/Windows/BaseWindow.h"    // for BaseEWC, BaseFloatEWC
#include "ImGui/imgui.h"                  // for CalcTextSize, GetStyle, Get...
#include "glm/detail/qualifier.hpp"       // for qualifier
#include "glm/detail/type_vec2.inl"       // for vec<>::vec<2, T, Q>
#include "glm/ext/vector_float2.hpp"      // for vec2

/home/valerii/workspace/Nexium/sources/Editor/Windows/TextEditor.cpp should remove these lines:

The full include-list for /home/valerii/workspace/Nexium/sources/Editor/Windows/TextEditor.cpp:
#include "TextEditor.h"
#include <errno.h>                        // for errno
#include <cstring>                        // for memcpy, strlen, strstr, str...
#include <fstream>                        // for basic_ofstream, basic_ostre...
#include "Core/Size.h"                    // for FSize2
#include "Editor/Windows/BaseWindow.h"    // for BaseEWC, BaseFloatEWC
#include "ImGui/imgui.h"                  // for CalcTextSize, GetStyle, Get...
#include "ImGui/misc/cpp/imgui_stdlib.h"  // for InputTextMultiline
#include "Misc/IconsFontAwesome.h"        // for ICON_FA_CHECK_CIRCLE, ICON_...
#include "Utils/Functions.h"              // for TryToGetTextFileContentAs
#include "glm/detail/qualifier.hpp"       // for qualifier
#include "glm/detail/type_vec2.inl"       // for vec<>::vec<2, T, Q>
#include "glm/ext/vector_float2.hpp"      // for vec2
---

[658/743] Building CXX object sources/CMakeFiles/__Nexium.dir/GameplaySystem/Framework/GameInstanceSubsystem.cpp.o
[659/743] Building CXX object sources/CMakeFiles/__Nexium.dir/Editor/Windows/SceneTreeWindow.cpp.o
Warning: include-what-you-use reported diagnostics:

/home/valerii/workspace/Nexium/sources/Editor/Windows/SceneTreeWindow.h should add these lines:
#include <stdint.h>                         // for int32_t
#include "Core/Delegate.h"                  // for DelegateSubscriberPoolGuard
#include "ECS/BaseComponent.h"              // for BaseComponent, ECS_COMPON...
#include "ImGui/imgui.h"                    // for ImGuiTreeNodeFlags_
#include "JustReflectMe/Adapter.h"          // for CLASS
#include "RawDataManagement/JsonAdapter.h"  // for R_FRIEND_DECL

/home/valerii/workspace/Nexium/sources/Editor/Windows/SceneTreeWindow.h should remove these lines:
- #include "SceneTreeWindow.generated.h"  // lines 69-69
- namespace Core { class Actor; }  // lines 32-32

The full include-list for /home/valerii/workspace/Nexium/sources/Editor/Windows/SceneTreeWindow.h:
#include <stdint.h>                         // for int32_t
#include "BaseWindow.h"                     // for BaseFloatEWC
#include "Core/Delegate.h"                  // for DelegateSubscriberPoolGuard
#include "ECS/BaseComponent.h"              // for BaseComponent, ECS_COMPON...
#include "ImGui/imgui.h"                    // for ImGuiTreeNodeFlags_
#include "JustReflectMe/Adapter.h"          // for CLASS
#include "RawDataManagement/JsonAdapter.h"  // for R_FRIEND_DECL
namespace Core { class Scene; }  // lines 31-31
---

/home/valerii/workspace/Nexium/sources/Editor/Windows/SceneTreeWindow.cpp should add these lines:
#include <__float_float.h>                          // for FLT_MIN
#include <string.h>                                 // for memcpy, strlen
#include <functional>                               // for function
#include <memory>                                   // for unique_ptr
#include <string>                                   // for basic_string, string
#include <vector>                                   // for vector
#include "Core/IntrusivePtr.h"                      // for IntrusivePtr
#include "Editor/ObjectSelectorManager.h"           // for ObjectSelectorMan...
#include "Editor/Windows/BaseWindow.h"              // for BaseFloatEWC
#include "GameplaySystem/Framework/WorldObject.h"   // for WorldObject
#include "glm/detail/qualifier.hpp"                 // for qualifier
#include "glm/detail/type_vec2.inl"                 // for vec<>::vec<2, T, Q>
#include "glm/detail/type_vec4.inl"                 // for vec<>::vec<4, T, Q>
#include "glm/ext/vector_float4.hpp"                // for vec4

/home/valerii/workspace/Nexium/sources/Editor/Windows/SceneTreeWindow.cpp should remove these lines:

The full include-list for /home/valerii/workspace/Nexium/sources/Editor/Windows/SceneTreeWindow.cpp:
#include "SceneTreeWindow.h"
#include <__float_float.h>                          // for FLT_MIN
#include <string.h>                                 // for memcpy, strlen
#include <functional>                               // for function
#include <memory>                                   // for unique_ptr
#include <string>                                   // for basic_string, string
#include <vector>                                   // for vector
#include "Core/IntrusivePtr.h"                      // for IntrusivePtr
#include "Editor/ObjectSelectorManager.h"           // for ObjectSelectorMan...
#include "Editor/Windows/BaseWindow.h"              // for BaseFloatEWC
#include "GameplaySystem/Entities/Actor.h"          // for Actor
#include "GameplaySystem/Framework/GameInstance.h"  // for GameInstance, gGa...
#include "GameplaySystem/Framework/WorldObject.h"   // for WorldObject
#include "ImGui/misc/cpp/imgui_stdlib.h"            // for InputText
#include "Misc/IconsFontAwesome.h"                  // for ICON_FA_EYE, ICON...
#include "ModalAssetsSearchPopUp.h"                 // for ModalAssetsSearch...
#include "Scene/Scene.h"                            // for Scene
#include "glm/detail/qualifier.hpp"                 // for qualifier
#include "glm/detail/type_vec2.inl"                 // for vec<>::vec<2, T, Q>
#include "glm/detail/type_vec4.inl"                 // for vec<>::vec<4, T, Q>
#include "glm/ext/vector_float4.hpp"                // for vec4
---

[660/743] Building CXX object sources/CMakeFiles/__Nexium.dir/GameplaySystem/Framework/GameState.cpp.o
[661/743] Building CXX object sources/CMakeFiles/__Nexium.dir/GameplaySystem/Entities/Actor.cpp.o
Warning: include-what-you-use reported diagnostics:

/home/valerii/workspace/Nexium/sources/GameplaySystem/Entities/Actor.h should add these lines:
#include <type_traits>                      // for is_base_of_v
#include <utility>                          // for swap
#include "JustReflectMe/Adapter.h"          // for RLogsCollector, CLASS
#include "RawDataManagement/JsonAdapter.h"  // for R_FRIEND_DECL

/home/valerii/workspace/Nexium/sources/GameplaySystem/Entities/Actor.h should remove these lines:
- #include "Actor.generated.h"  // lines 65-65

The full include-list for /home/valerii/workspace/Nexium/sources/GameplaySystem/Entities/Actor.h:
#include <type_traits>                      // for is_base_of_v
#include <utility>                          // for swap
#include "ECS/BaseComponent.h"              // for BaseComponent, ECS_COMPON...
#include "ECS/Transformable.h"              // for Transformable
#include "Graphics/IDrawable.h"             // for IDrawable
#include "JustReflectMe/Adapter.h"          // for RLogsCollector, CLASS
#include "RawDataManagement/JsonAdapter.h"  // for R_FRIEND_DECL
---

/home/valerii/workspace/Nexium/sources/GameplaySystem/Entities/Actor.cpp should add these lines:
#include <string.h>  // for memcpy

/home/valerii/workspace/Nexium/sources/GameplaySystem/Entities/Actor.cpp should remove these lines:

The full include-list for /home/valerii/workspace/Nexium/sources/GameplaySystem/Entities/Actor.cpp:
#include "Actor.h"
#include <string.h>  // for memcpy
---

[662/743] Building CXX object sources/CMakeFiles/__Nexium.dir/GameplaySystem/Framework/LevelData.cpp.o
[663/743] Building CXX object sources/CMakeFiles/__Nexium.dir/Editor/Windows/ShaderManager.cpp.o
Warning: include-what-you-use reported diagnostics:

/home/valerii/workspace/Nexium/sources/Editor/Windows/ShaderManager.h should add these lines:
#include <cstring>                                // for memcpy, size_t
#include <filesystem>                             // for path
#include <string>                                 // for string
#include <unordered_set>                          // for unordered_set
#include "Core/Delegate.h"                        // for DelegateSubscriberP...
#include "Core/String.h"                          // for StringAtom
#include "ECS/BaseComponent.h"                    // for BaseComponent, ECS_...
#include "JustReflectMe/Adapter.h"                // for CLASS
#include "RawDataManagement/JsonAdapter.h"        // for R_FRIEND_DECL

/home/valerii/workspace/Nexium/sources/Editor/Windows/ShaderManager.h should remove these lines:
- #include "ShaderManager.generated.h"  // lines 103-103
- namespace Core { namespace Gui { class TextInput; } }  // lines 41-41

The full include-list for /home/valerii/workspace/Nexium/sources/Editor/Windows/ShaderManager.h:
#include <cstring>                                // for memcpy, size_t
#include <filesystem>                             // for path
#include <string>                                 // for string
#include <unordered_set>                          // for unordered_set
#include "BaseWindow.h"                           // for BaseFloatEWC
#include "Core/Delegate.h"                        // for DelegateSubscriberP...
#include "Core/String.h"                          // for StringAtom
#include "ECS/BaseComponent.h"                    // for BaseComponent, ECS_...
#include "Editor/GuiComponents/Input.h"           // for TextInput (ptr only)
#include "Editor/GuiComponents/VerticalLayout.h"  // for VerticalLayout
#include "Graphics/ShaderProgram.h"               // for ShaderUBO, ShaderVa...
#include "JustReflectMe/Adapter.h"                // for CLASS
#include "RawDataManagement/JsonAdapter.h"        // for R_FRIEND_DECL
namespace Core { class ShaderProgramMeta; }  // lines 34-34
namespace Core { namespace Gui { class ComboView; } }  // lines 42-42
namespace Core { namespace Gui { class Label; } }  // lines 43-43
---

/home/valerii/workspace/Nexium/sources/Editor/Windows/ShaderManager.cpp should add these lines:
#include <algorithm>                                // for __sort_fn, sort
#include <memory>                                   // for unique_ptr
#include <unordered_map>                            // for unordered_map
#include <utility>                                  // for pair
#include <vector>                                   // for vector
#include "Core/BaseAssert.h"                        // for Verify
#include "Editor/GameEditor.h"                      // for GameEditor
#include "Editor/GuiComponents/Widget.h"            // for Flex
#include "Editor/Windows/BaseWindow.h"              // for BaseFloatEWC
#include "GameplaySystem/Framework/World.h"         // for World
#include "Graphics/OpenGL.h"                        // for glTypeToString
#include "Graphics/ShaderManager.h"                 // for ShaderManager
#include "Graphics/ShaderProgramMeta.h"             // for ShaderProgramMeta
#include "ImGui/imgui.h"                            // for ImGuiTableColumnF...
#include "glm/detail/qualifier.hpp"                 // for qualifier
#include "glm/detail/type_vec2.inl"                 // for vec<>::vec<2, T, Q>

/home/valerii/workspace/Nexium/sources/Editor/Windows/ShaderManager.cpp should remove these lines:

The full include-list for /home/valerii/workspace/Nexium/sources/Editor/Windows/ShaderManager.cpp:
#include "ShaderManager.h"
#include <algorithm>                                // for __sort_fn, sort
#include <memory>                                   // for unique_ptr
#include <unordered_map>                            // for unordered_map
#include <utility>                                  // for pair
#include <vector>                                   // for vector
#include "Core/BaseAssert.h"                        // for Verify
#include "Editor/GameEditor.h"                      // for GameEditor
#include "Editor/GuiComponents/Button.h"            // for Button
#include "Editor/GuiComponents/Combo.h"             // for ComboView
#include "Editor/GuiComponents/HorizontalLayout.h"  // for HorizontalLayout
#include "Editor/GuiComponents/Label.h"             // for Label
#include "Editor/GuiComponents/Misc.h"              // for CollapsingHeader
#include "Editor/GuiComponents/Spacer.h"            // for Spacer
#include "Editor/GuiComponents/Widget.h"            // for Flex
#include "Editor/Windows/BaseWindow.h"              // for BaseFloatEWC
#include "GameplaySystem/Framework/GameInstance.h"  // for GetShaderManager
#include "GameplaySystem/Framework/World.h"         // for World
#include "Graphics/OpenGL.h"                        // for glTypeToString
#include "Graphics/ShaderManager.h"                 // for ShaderManager
#include "Graphics/ShaderProgramMeta.h"             // for ShaderProgramMeta
#include "ImGui/imgui.h"                            // for ImGuiTableColumnF...
#include "Misc/Configs.h"                           // for ColorRed, ColorSo...
#include "Misc/IconsFontAwesome.h"                  // for ICON_FA_COGS
#include "TextEditor.h"                             // for TextEditorEWC
#include "glm/detail/qualifier.hpp"                 // for qualifier
#include "glm/detail/type_vec2.inl"                 // for vec<>::vec<2, T, Q>
---

[664/743] Building CXX object sources/CMakeFiles/__Nexium.dir/GameplaySystem/Framework/ModuleInfo.cpp.o
Warning: include-what-you-use reported diagnostics:

(/home/valerii/workspace/Nexium/sources/GameplaySystem/Framework/ModuleInfo.h has correct #includes/fwd-decls)

/home/valerii/workspace/Nexium/sources/GameplaySystem/Framework/ModuleInfo.cpp should add these lines:
#include <memory>                             // for shared_ptr
#include <string>                             // for basic_string

/home/valerii/workspace/Nexium/sources/GameplaySystem/Framework/ModuleInfo.cpp should remove these lines:
- #include "Misc/BaseLog.h"  // lines 27-27

The full include-list for /home/valerii/workspace/Nexium/sources/GameplaySystem/Framework/ModuleInfo.cpp:
#include "ModuleInfo.h"
#include <memory>                             // for shared_ptr
#include <string>                             // for basic_string
#include "spdlog/sinks/stdout_color_sinks.h"  // for stdout_color_mt
---

[665/743] Building CXX object sources/CMakeFiles/__Nexium.dir/GameplaySystem/Camera.cpp.o
Warning: include-what-you-use reported diagnostics:

/home/valerii/workspace/Nexium/sources/GameplaySystem/Camera.h should add these lines:
#include "Core/String.h"                // for StringAtom
#include "ECS/BaseComponent.h"          // for BaseComponent, ECS_COMPONENT_...
#include "glm/detail/qualifier.hpp"     // for qualifier
#include "glm/detail/type_mat4x4.inl"   // for mat<>::mat<4, 4, T, Q>
#include "glm/detail/type_vec4.inl"     // for vec<>::vec<4, T, Q>
#include "glm/ext/matrix_float4x4.hpp"  // for mat4
#include "glm/ext/vector_float2.hpp"    // for vec2
#include "glm/ext/vector_float3.hpp"    // for vec3

/home/valerii/workspace/Nexium/sources/GameplaySystem/Camera.h should remove these lines:

The full include-list for /home/valerii/workspace/Nexium/sources/GameplaySystem/Camera.h:
#include "Core/Size.h"                  // for FSize2
#include "Core/String.h"                // for StringAtom
#include "ECS/BaseComponent.h"          // for BaseComponent, ECS_COMPONENT_...
#include "Entities/Actor.h"             // for Actor
#include "glm/detail/qualifier.hpp"     // for qualifier
#include "glm/detail/type_mat4x4.inl"   // for mat<>::mat<4, 4, T, Q>
#include "glm/detail/type_vec4.inl"     // for vec<>::vec<4, T, Q>
#include "glm/ext/matrix_float4x4.hpp"  // for mat4
#include "glm/ext/vector_float2.hpp"    // for vec2
#include "glm/ext/vector_float3.hpp"    // for vec3
---

/home/valerii/workspace/Nexium/sources/GameplaySystem/Camera.cpp should add these lines:
#include <string.h>                                 // for memcpy, strlen
#include <algorithm>                                // for clamp
#include <memory>                                   // for unique_ptr
#include "Graphics/RenderTargetToTexture.h"         // for RenderTargetToTex...
#include "InputDevices/Mouse.h"                     // for Mouse
#include "glm/detail/func_common.inl"               // for abs
#include "glm/detail/func_exponential.inl"          // for inversesqrt
#include "glm/detail/func_geometric.inl"            // for normalize
#include "glm/detail/func_matrix.inl"               // for inverse
#include "glm/detail/func_trigonometric.inl"        // for radians, degrees
#include "glm/detail/type_mat4x4.hpp"               // for mat
#include "glm/detail/type_vec3.hpp"                 // for vec
#include "glm/detail/type_vec3.inl"                 // for vec<>::operator[]
#include "glm/ext/matrix_clip_space.inl"            // for perspective
#include "glm/ext/matrix_transform.inl"             // for rotate, translate
#include "glm/ext/vector_float4.hpp"                // for vec4

/home/valerii/workspace/Nexium/sources/GameplaySystem/Camera.cpp should remove these lines:
- #include "glm/ext/matrix_clip_space.hpp"  // lines 29-29
- #include "glm/ext/matrix_transform.hpp"  // lines 30-30

The full include-list for /home/valerii/workspace/Nexium/sources/GameplaySystem/Camera.cpp:
#include "GameplaySystem/Camera.h"
#include <string.h>                                 // for memcpy, strlen
#include <algorithm>                                // for clamp
#include <cmath>                                    // for cos, sin, asin
#include <memory>                                   // for unique_ptr
#include "GameplaySystem/Framework/GameInstance.h"  // for GameInstance, gGa...
#include "Graphics/RenderTargetToTexture.h"         // for RenderTargetToTex...
#include "Graphics/Window.h"                        // for GetWindow, Window
#include "InputDevices/Mouse.h"                     // for Mouse
#include "glm/detail/func_common.inl"               // for abs
#include "glm/detail/func_exponential.inl"          // for inversesqrt
#include "glm/detail/func_geometric.inl"            // for normalize
#include "glm/detail/func_matrix.inl"               // for inverse
#include "glm/detail/func_trigonometric.inl"        // for radians, degrees
#include "glm/detail/type_mat4x4.hpp"               // for mat
#include "glm/detail/type_vec3.hpp"                 // for vec
#include "glm/detail/type_vec3.inl"                 // for vec<>::operator[]
#include "glm/ext/matrix_clip_space.inl"            // for perspective
#include "glm/ext/matrix_transform.inl"             // for rotate, translate
#include "glm/ext/vector_float4.hpp"                // for vec4
---

[666/743] Building CXX object sources/CMakeFiles/__Nexium.dir/Editor/Windows/ObjectPropertiesWindow.cpp.o
Warning: include-what-you-use reported diagnostics:

/home/valerii/workspace/Nexium/sources/Editor/Windows/ObjectPropertiesWindow.h should add these lines:
#include <string.h>                                 // for strlen, memcmp
#include <utility>                                  // for move
#include "Core/BaseAssert.h"                        // for Verify
#include "Core/Delegate.h"                          // for DelegateSubscribe...
#include "Core/String.h"                            // for operator""_atom
#include "ECS/BaseComponent.h"                      // for AbstractComponent...
#include "Editor/GuiComponents/HorizontalLayout.h"  // for HorizontalLayout
#include "JustReflectMe/Adapter.h"                  // for CLASS
#include "Misc/IconsFontAwesome.h"                  // for ICON_FA_EXCLAMATI...
#include "RawDataManagement/JsonAdapter.h"          // for R_FRIEND_DECL
namespace Core { class StaticMesh; }

/home/valerii/workspace/Nexium/sources/Editor/Windows/ObjectPropertiesWindow.h should remove these lines:
- #include "Graphics/Primitives/StaticMesh.h"  // lines 33-33
- #include "ObjectPropertiesWindow.generated.h"  // lines 166-166
- namespace Core { namespace Gui { class TextInput; } }  // lines 40-40

The full include-list for /home/valerii/workspace/Nexium/sources/Editor/Windows/ObjectPropertiesWindow.h:
#include <string.h>                                 // for strlen, memcmp
#include <utility>                                  // for move
#include "BaseWindow.h"                             // for BaseFloatEWC
#include "Core/BaseAssert.h"                        // for Verify
#include "Core/Delegate.h"                          // for DelegateSubscribe...
#include "Core/String.h"                            // for operator""_atom
#include "ECS/BaseComponent.h"                      // for AbstractComponent...
#include "Editor/GuiComponents/Array.h"             // for BaseArray, String...
#include "Editor/GuiComponents/HorizontalLayout.h"  // for HorizontalLayout
#include "Editor/GuiComponents/Input.h"             // for IntInput, TextInp...
#include "Editor/GuiComponents/VecInput.h"          // for Float3Input, Floa...
#include "Editor/GuiComponents/VerticalLayout.h"    // for VerticalLayout
#include "Graphics/GraphicsComponents.h"            // for BaseGraphicsData
#include "JustReflectMe/Adapter.h"                  // for CLASS
#include "Misc/IconsFontAwesome.h"                  // for ICON_FA_EXCLAMATI...
#include "RawDataManagement/JsonAdapter.h"          // for R_FRIEND_DECL
namespace Core { class BaseCamera; }  // lines 45-45
namespace Core { class StaticMesh; }
namespace Core { class StaticMeshBundle; }  // lines 44-44
namespace Core { class Transformable; }  // lines 43-43
namespace Core { namespace Gui { class CheckBox; } }  // lines 39-39
---

/home/valerii/workspace/Nexium/sources/Editor/Windows/ObjectPropertiesWindow.cpp should add these lines:
#include <algorithm>                                // for __remove_fn, __so...
#include <array>                                    // for array
#include <concepts>                                 // for derived_from
#include <cstddef>                                  // for size_t
#include <functional>                               // for function
#include <iterator>                                 // for distance
#include <memory>                                   // for unique_ptr
#include <optional>                                 // for optional
#include <ranges>                                   // for __find_fn
#include <string>                                   // for basic_string, string
#include <type_traits>                              // for is_same_v, remove...
#include <vector>                                   // for vector
#include "Core/IntrusivePtr.h"                      // for IntrusivePtr
#include "Core/Size.h"                              // for FSize2
#include "Editor/GuiComponents/Widget.h"            // for Flex, Align
#include "Editor/ObjectSelectorManager.h"           // for ObjectSelectorMan...
#include "Editor/Windows/BaseWindow.h"              // for BaseFloatEWC
#include "GameplaySystem/Framework/World.h"         // for World
#include "Graphics/GraphicsComponents.generated.h"  // for R
#include "Graphics/Primitives/StaticMesh.h"         // for StaticMesh
#include "Graphics/ShaderProgram.h"                 // for ShaderProgram
#include "ImGui/imgui.h"                            // for ImGuiTreeNodeFlags_
#include "JustReflectMe/NlohmannJson.h"             // for basic_json
#include "glm/detail/qualifier.hpp"                 // for qualifier
#include "glm/detail/type_vec2.hpp"                 // for vec
#include "glm/detail/type_vec2.inl"                 // for vec<>::vec<2, T, Q>
#include "glm/detail/type_vec3.hpp"                 // for vec
#include "glm/ext/vector_float2.hpp"                // for vec2

/home/valerii/workspace/Nexium/sources/Editor/Windows/ObjectPropertiesWindow.cpp should remove these lines:

The full include-list for /home/valerii/workspace/Nexium/sources/Editor/Windows/ObjectPropertiesWindow.cpp:
#include "ObjectPropertiesWindow.h"
#include <algorithm>                                // for __remove_fn, __so...
#include <array>                                    // for array
#include <concepts>                                 // for derived_from
#include <cstddef>                                  // for size_t
#include <functional>                               // for function
#include <iterator>                                 // for distance
#include <memory>                                   // for unique_ptr
#include <optional>                                 // for optional
#include <ranges>                                   // for __find_fn
#include <string>                                   // for basic_string, string
#include <type_traits>                              // for is_same_v, remove...
#include <vector>                                   // for vector
#include "Core/IntrusivePtr.h"                      // for IntrusivePtr
#include "Core/Size.h"                              // for FSize2
#include "ECS/Transformable.h"                      // for Transformable, GPos3
#include "Editor/GuiComponents/CheckBox.h"          // for CheckBox
#include "Editor/GuiComponents/Combo.h"             // for ComboModelBased
#include "Editor/GuiComponents/HorizontalLayout.h"  // for HorizontalLayout
#include "Editor/GuiComponents/Input.h"             // for TextInput, IntInput
#include "Editor/GuiComponents/Label.h"             // for Label
#include "Editor/GuiComponents/Misc.h"              // for CollapsingHeader
#include "Editor/GuiComponents/Widget.h"            // for Flex, Align
#include "Editor/ObjectSelectorManager.h"           // for ObjectSelectorMan...
#include "Editor/Windows/BaseWindow.h"              // for BaseFloatEWC
#include "GameplaySystem/Camera.h"                  // for BaseCamera
#include "GameplaySystem/Framework/GameInstance.h"  // for GetWorld, GameIns...
#include "GameplaySystem/Framework/World.h"         // for World
#include "Graphics/GraphicsComponents.generated.h"  // for R
#include "Graphics/Primitives/StaticMesh.h"         // for StaticMesh
#include "Graphics/Primitives/StaticMeshBundle.h"   // for StaticMeshBundle
#include "Graphics/ShaderProgram.h"                 // for ShaderProgram
#include "ImGui/imgui.h"                            // for ImGuiTreeNodeFlags_
#include "JustReflectMe/NlohmannJson.h"             // for basic_json
#include "glm/detail/qualifier.hpp"                 // for qualifier
#include "glm/detail/type_vec2.hpp"                 // for vec
#include "glm/detail/type_vec2.inl"                 // for vec<>::vec<2, T, Q>
#include "glm/detail/type_vec3.hpp"                 // for vec
#include "glm/ext/vector_float2.hpp"                // for vec2
---

[667/743] Building CXX object sources/CMakeFiles/__Nexium.dir/GameplaySystem/Framework/PlayerState.cpp.o
[668/743] Building CXX object sources/CMakeFiles/__Nexium.dir/GameplaySystem/Framework/UserInterface.cpp.o
[669/743] Building CXX object sources/CMakeFiles/__Nexium.dir/Editor/Windows/WorldLightning.cpp.o
Warning: include-what-you-use reported diagnostics:

/home/valerii/workspace/Nexium/sources/Editor/Windows/WorldLightning.h should add these lines:
#include "Core/Delegate.h"                        // for DelegateSubscriberP...
#include "ECS/BaseComponent.h"                    // for BaseComponent, ECS_...
#include "JustReflectMe/Adapter.h"                // for CLASS
#include "RawDataManagement/JsonAdapter.h"        // for R_FRIEND_DECL

/home/valerii/workspace/Nexium/sources/Editor/Windows/WorldLightning.h should remove these lines:
- #include "WorldLightning.generated.h"  // lines 63-63

The full include-list for /home/valerii/workspace/Nexium/sources/Editor/Windows/WorldLightning.h:
#include "BaseWindow.h"                           // for BaseFloatEWC
#include "Core/Delegate.h"                        // for DelegateSubscriberP...
#include "ECS/BaseComponent.h"                    // for BaseComponent, ECS_...
#include "Editor/GuiComponents/Input.h"           // for FloatInput, Color3I...
#include "Editor/GuiComponents/VecInput.h"        // for Float3Input
#include "Editor/GuiComponents/VerticalLayout.h"  // for VerticalLayout
#include "JustReflectMe/Adapter.h"                // for CLASS
#include "RawDataManagement/JsonAdapter.h"        // for R_FRIEND_DECL
---

/home/valerii/workspace/Nexium/sources/Editor/Windows/WorldLightning.cpp should add these lines:
#include <string.h>                                 // for memcpy, strlen
#include <array>                                    // for array
#include "Core/BaseAssert.h"                        // for Verify
#include "Core/Color.h"                             // for Color3, NormColor3
#include "Core/String.h"                            // for operator""_atom
#include "Editor/GuiComponents/Widget.h"            // for Align, Flex
#include "Editor/Windows/BaseWindow.h"              // for BaseFloatEWC
#include "GameplaySystem/Framework/World.h"         // for World, LightningP...
#include "glm/detail/qualifier.hpp"                 // for qualifier
#include "glm/detail/type_vec3.hpp"                 // for vec
#include "glm/ext/vector_float3.hpp"                // for vec3

/home/valerii/workspace/Nexium/sources/Editor/Windows/WorldLightning.cpp should remove these lines:

The full include-list for /home/valerii/workspace/Nexium/sources/Editor/Windows/WorldLightning.cpp:
#include "WorldLightning.h"
#include <string.h>                                 // for memcpy, strlen
#include <array>                                    // for array
#include "Core/BaseAssert.h"                        // for Verify
#include "Core/Color.h"                             // for Color3, NormColor3
#include "Core/String.h"                            // for operator""_atom
#include "Editor/GuiComponents/HorizontalLayout.h"  // for HorizontalLayout
#include "Editor/GuiComponents/Label.h"             // for Label
#include "Editor/GuiComponents/VecInput.h"          // for Float3Input
#include "Editor/GuiComponents/Widget.h"            // for Align, Flex
#include "Editor/Windows/BaseWindow.h"              // for BaseFloatEWC
#include "GameplaySystem/Framework/GameInstance.h"  // for GetWorld
#include "GameplaySystem/Framework/World.h"         // for World, LightningP...
#include "Misc/IconsFontAwesome.h"                  // for ICON_FA_SUN_O
#include "glm/detail/qualifier.hpp"                 // for qualifier
#include "glm/detail/type_vec3.hpp"                 // for vec
#include "glm/ext/vector_float3.hpp"                // for vec3
---

[670/743] Building CXX object sources/CMakeFiles/__Nexium.dir/GameplaySystem/Framework/WorldObjectManager.cpp.o
[671/743] Building CXX object sources/CMakeFiles/__Nexium.dir/GameplaySystem/Framework/World.cpp.o
Warning: include-what-you-use reported diagnostics:

/home/valerii/workspace/Nexium/sources/GameplaySystem/Framework/World.h should add these lines:
#include <string.h>                              // for memcpy, strlen
#include "Core/String.h"                         // for StringAtom
#include "glm/detail/qualifier.hpp"              // for qualifier
#include "glm/detail/type_vec3.inl"              // for vec<>::vec<3, T, Q>
#include "glm/ext/vector_float3.hpp"             // for vec3

/home/valerii/workspace/Nexium/sources/GameplaySystem/Framework/World.h should remove these lines:

The full include-list for /home/valerii/workspace/Nexium/sources/GameplaySystem/Framework/World.h:
#include <string.h>                              // for memcpy, strlen
#include "../../RawDataManagement/DataStream.h"  // for IDataIO
#include "Core/Color.h"                          // for NormColor3
#include "Core/String.h"                         // for StringAtom
#include "GameState.h"                           // for GameState
#include "LevelData.h"                           // for LevelData
#include "Misc/BaseLog.h"                        // for BaseLog
#include "PlayerState.h"                         // for PlayerState
#include "glm/detail/qualifier.hpp"              // for qualifier
#include "glm/detail/type_vec3.inl"              // for vec<>::vec<3, T, Q>
#include "glm/ext/vector_float3.hpp"             // for vec3
---

/home/valerii/workspace/Nexium/sources/GameplaySystem/Framework/World.cpp should add these lines:
#include <filesystem>    // for path

/home/valerii/workspace/Nexium/sources/GameplaySystem/Framework/World.cpp should remove these lines:

The full include-list for /home/valerii/workspace/Nexium/sources/GameplaySystem/Framework/World.cpp:
#include "World.h"
#include <filesystem>    // for path
#include "ModuleInfo.h"  // for getLogger
---

[672/743] Building CXX object sources/CMakeFiles/__Nexium.dir/GameplaySystem/Framework/WorldObject.cpp.o
Warning: include-what-you-use reported diagnostics:

/home/valerii/workspace/Nexium/sources/GameplaySystem/Framework/WorldObject.h should add these lines:
#include <concepts>                  // for derived_from
#include <type_traits>               // for remove_reference_t
#include "Core/IntrusivePtr.h"       // for _IncrementRefCounter, WeakPtr

/home/valerii/workspace/Nexium/sources/GameplaySystem/Framework/WorldObject.h should remove these lines:

The full include-list for /home/valerii/workspace/Nexium/sources/GameplaySystem/Framework/WorldObject.h:
#include <concepts>                  // for derived_from
#include <type_traits>               // for remove_reference_t
#include "AssetsManager/ECSAsset.h"  // for NXSceneAsset
#include "Core/IntrusivePtr.h"       // for _IncrementRefCounter, WeakPtr
---

(/home/valerii/workspace/Nexium/sources/GameplaySystem/Framework/WorldObject.cpp has correct #includes/fwd-decls)

[673/743] Building CXX object sources/CMakeFiles/__Nexium.dir/Graphics/ModuleInfo.cpp.o
Warning: include-what-you-use reported diagnostics:

(/home/valerii/workspace/Nexium/sources/Graphics/ModuleInfo.h has correct #includes/fwd-decls)

/home/valerii/workspace/Nexium/sources/Graphics/ModuleInfo.cpp should add these lines:
#include <memory>                             // for shared_ptr
#include <string>                             // for basic_string

/home/valerii/workspace/Nexium/sources/Graphics/ModuleInfo.cpp should remove these lines:
- #include "Misc/BaseLog.h"  // lines 27-27

The full include-list for /home/valerii/workspace/Nexium/sources/Graphics/ModuleInfo.cpp:
#include "ModuleInfo.h"
#include <memory>                             // for shared_ptr
#include <string>                             // for basic_string
#include "spdlog/sinks/stdout_color_sinks.h"  // for stdout_color_mt
---

[674/743] Building CXX object sources/CMakeFiles/__Nexium.dir/GameplaySystem/Framework/GameInstance.cpp.o
Warning: include-what-you-use reported diagnostics:

/home/valerii/workspace/Nexium/sources/GameplaySystem/Framework/GameInstance.h should add these lines:
#include <memory>                            // for unique_ptr
#include "Core/Delegate.h"                   // for DelegateSubscriberPoolGuard
#include "Core/String.h"                     // for StringAtom
#include "JustReflectMe/Adapter.h"           // for ENUM_CLASS
#include "Misc/BaseLog.h"                    // for BaseLog
#include "RawDataManagement/DataStream.h"    // for IDataIO
namespace Core { class BaseCamera; }
namespace Core { class Window; }

/home/valerii/workspace/Nexium/sources/GameplaySystem/Framework/GameInstance.h should remove these lines:
- #include "../Camera.h"  // lines 27-27
- #include "GameInstance.generated.h"  // lines 105-105
- #include "Graphics/Window.h"  // lines 33-33

The full include-list for /home/valerii/workspace/Nexium/sources/GameplaySystem/Framework/GameInstance.h:
#include <memory>                            // for unique_ptr
#include "AssetsManager/AssetsManager.h"     // for AssetsManager
#include "Core/Delegate.h"                   // for DelegateSubscriberPoolGuard
#include "Core/String.h"                     // for StringAtom
#include "Editor/GameEditor.h"               // for GameEditor
#include "Editor/ObjectSelectorManager.h"    // for ObjectSelectorManager
#include "Graphics/RenderTargetToTexture.h"  // for RenderTargetToTexture
#include "Graphics/ShaderManager.h"          // for ShaderManager
#include "JustReflectMe/Adapter.h"           // for ENUM_CLASS
#include "Misc/BaseLog.h"                    // for BaseLog
#include "RawDataManagement/DataStream.h"    // for IDataIO
#include "Scene/Scene.h"                     // for Scene
#include "UserInterface.h"                   // for UserInterface
#include "World.h"                           // for World
namespace Core { class BaseCamera; }
namespace Core { class Window; }
---

/home/valerii/workspace/Nexium/sources/GameplaySystem/Framework/GameInstance.cpp should add these lines:
#include <string.h>                          // for memcpy, strlen, strstr
#include <chrono>                            // for milliseconds
#include <filesystem>                        // for path, operator/
#include <functional>                        // for function, invoke
#include <iomanip>                           // for operator<<, setprecision
#include <iostream>                          // for basic_ostream, cout, fixed
#include <string>                            // for basic_string, char_traits
#include <thread>                            // for sleep_for
#include <unordered_set>                     // for unordered_set
#include <vector>                            // for vector
#include "Core/BaseAssert.h"                 // for Verify, Assert
#include "Core/Size.h"                       // for Size, FSize2, ISize2
#include "GLFW/glfw3.h"                      // for glfwGetWindowAttrib, GLF...
#include "GameplaySystem/Framework/World.h"  // for World
#include "Graphics/OpenGL.h"                 // for ViewportMode, UpdateGlVi...
#include "Graphics/ShaderProgram.h"          // for ShaderProgram
#include "ImGui/imgui.h"                     // for LoadIniSettingsFromDisk
#include "InputDevices/InputManager.h"       // for KeyboardInputManger
#include "Misc/Configs.h"                    // for imGuiWindowsIni, windowA...
#include "glad/glad.h"                       // for GL_FALSE, GL_FLOAT, glEn...
#include "spdlog/common.h"                   // for level_enum

/home/valerii/workspace/Nexium/sources/GameplaySystem/Framework/GameInstance.cpp should remove these lines:
- #include "Editor/Windows/ModalECSSearchPopUp.h"  // lines 30-30
- #include "Editor/Windows/NxECSBasedEditor.h"  // lines 31-31
- #include "Graphics/Image.h"  // lines 32-32
- #include "RawDataManagement/DataStream.h"  // lines 37-37
- #include "assimp/Importer.hpp"  // lines 40-40

The full include-list for /home/valerii/workspace/Nexium/sources/GameplaySystem/Framework/GameInstance.cpp:
#include "GameInstance.h"
#include <string.h>                          // for memcpy, strlen, strstr
#include <chrono>                            // for milliseconds
#include <filesystem>                        // for path, operator/
#include <functional>                        // for function, invoke
#include <iomanip>                           // for operator<<, setprecision
#include <iostream>                          // for basic_ostream, cout, fixed
#include <string>                            // for basic_string, char_traits
#include <thread>                            // for sleep_for
#include <unordered_set>                     // for unordered_set
#include <vector>                            // for vector
#include "../Camera.h"                       // for BaseCamera
#include "Core/BaseAssert.h"                 // for Verify, Assert
#include "Core/Size.h"                       // for Size, FSize2, ISize2
#include "Core/Timer.h"                      // for FStopwatch
#include "Editor/Windows/GameViewport.h"     // for GameViewportEWC
#include "GLFW/glfw3.h"                      // for glfwGetWindowAttrib, GLF...
#include "GameplaySystem/Framework/World.h"  // for World
#include "Graphics/OpenGL.h"                 // for ViewportMode, UpdateGlVi...
#include "Graphics/ShaderManager.h"          // for ShaderManager
#include "Graphics/ShaderProgram.h"          // for ShaderProgram
#include "Graphics/Window.h"                 // for Window, GetWindow
#include "ImGui/imgui.h"                     // for LoadIniSettingsFromDisk
#include "InputDevices/InputManager.h"       // for KeyboardInputManger
#include "Misc/Configs.h"                    // for imGuiWindowsIni, windowA...
#include "Misc/FPSCounter.h"                 // for FPSCounter
#include "ModuleInfo.h"                      // for getLogger
#include "Scene/Rectangle.h"                 // for Rectangle
#include "Scene/Spectator.h"                 // for Spectator
#include "glad/glad.h"                       // for GL_FALSE, GL_FLOAT, glEn...
#include "spdlog/common.h"                   // for level_enum
#include "spdlog/spdlog.h"                   // for set_level, set_pattern
---

[675/743] Building CXX object sources/CMakeFiles/__Nexium.dir/Graphics/IDrawable.cpp.o
Warning: include-what-you-use reported diagnostics:

/home/valerii/workspace/Nexium/sources/Graphics/IDrawable.h should add these lines:
#include "Core/String.h"                      // for StringAtom
#include "JustReflectMe/Adapter.h"            // for CLASS, FIELD, R_FRIEND

/home/valerii/workspace/Nexium/sources/Graphics/IDrawable.h should remove these lines:
- #include "IDrawable.generated.h"  // lines 81-81

The full include-list for /home/valerii/workspace/Nexium/sources/Graphics/IDrawable.h:
#include <functional>                         // for function
#include "../RawDataManagement/DataStream.h"  // for IDataIO
#include "Core/String.h"                      // for StringAtom
#include "JustReflectMe/Adapter.h"            // for CLASS, FIELD, R_FRIEND
namespace Core { class Actor; }  // lines 33-33
namespace Core { class StaticMesh; }  // lines 32-32
---

(/home/valerii/workspace/Nexium/sources/Graphics/IDrawable.cpp has correct #includes/fwd-decls)

[676/743] Building CXX object sources/CMakeFiles/__Nexium.dir/Graphics/OpenGL.cpp.o
Warning: include-what-you-use reported diagnostics:

/home/valerii/workspace/Nexium/sources/Graphics/OpenGL.h should add these lines:
#include <cstdint>                  // for uint8_t

/home/valerii/workspace/Nexium/sources/Graphics/OpenGL.h should remove these lines:
- #include "GLFW/glfw3.h"  // lines 31-31
- #include "OpenGL.generated.h"  // lines 51-51

The full include-list for /home/valerii/workspace/Nexium/sources/Graphics/OpenGL.h:
#include <cstdint>                  // for uint8_t
#include "Core/Size.h"              // for FSize2
#include "JustReflectMe/Adapter.h"  // for ENUM_CLASS
#include "glad/glad.h"              // for GLenum
---

/home/valerii/workspace/Nexium/sources/Graphics/OpenGL.cpp should add these lines:
#include <unordered_map>              // for unordered_map, operator==
#include "Core/BaseAssert.h"          // for Assert
#include "glm/detail/qualifier.hpp"   // for qualifier
#include "glm/ext/vector_float2.hpp"  // for vec2

/home/valerii/workspace/Nexium/sources/Graphics/OpenGL.cpp should remove these lines:
- #include "Core/Assert.h"  // lines 27-27

The full include-list for /home/valerii/workspace/Nexium/sources/Graphics/OpenGL.cpp:
#include "OpenGL.h"
#include <unordered_map>              // for unordered_map, operator==
#include "Core/BaseAssert.h"          // for Assert
#include "glm/detail/qualifier.hpp"   // for qualifier
#include "glm/ext/vector_float2.hpp"  // for vec2
---

[677/743] Building CXX object sources/CMakeFiles/__Nexium.dir/Graphics/Image.cpp.o
Warning: include-what-you-use reported diagnostics:

/home/valerii/workspace/Nexium/sources/Graphics/Image.h should add these lines:
#include <stdint.h>                 // for uint8_t
#include <cstddef>                  // for size_t
#include <utility>                  // for swap
#include "JustReflectMe/Adapter.h"  // for ENUM_CLASS
#include "glad/glad.h"              // for GLenum

/home/valerii/workspace/Nexium/sources/Graphics/Image.h should remove these lines:
- #include "Image.generated.h"  // lines 99-99
- #include "OpenGL.h"  // lines 29-29

The full include-list for /home/valerii/workspace/Nexium/sources/Graphics/Image.h:
#include <stdint.h>                 // for uint8_t
#include <cstddef>                  // for size_t
#include <filesystem>               // for path
#include <string>                   // for basic_string
#include <utility>                  // for swap
#include "Core/Size.h"              // for ISize2
#include "JustReflectMe/Adapter.h"  // for ENUM_CLASS
#include "Misc/BaseLog.h"           // for BaseLog
#include "glad/glad.h"              // for GLenum
---

/home/valerii/workspace/Nexium/sources/Graphics/Image.cpp should add these lines:
#include <string.h>       // for memcpy, strlen, strstr
#include "Core/String.h"  // for StringFormatter

/home/valerii/workspace/Nexium/sources/Graphics/Image.cpp should remove these lines:

The full include-list for /home/valerii/workspace/Nexium/sources/Graphics/Image.cpp:
#include "Image.h"
#include <string.h>       // for memcpy, strlen, strstr
#include "Core/String.h"  // for StringFormatter
#include "ModuleInfo.h"   // for getLogger
#include "Stb/Image.h"    // for stbi_set_flip_vertically_on_load, stbi_imag...
---

[678/743] Building CXX object sources/CMakeFiles/__Nexium.dir/Graphics/Primitives/Rectangle.cpp.o
[679/743] Building CXX object sources/CMakeFiles/__Nexium.dir/Graphics/RenderTargetToTexture.cpp.o
Warning: include-what-you-use reported diagnostics:

/home/valerii/workspace/Nexium/sources/Graphics/RenderTargetToTexture.h should add these lines:
#include "glad/glad.h"  // for GLuint

/home/valerii/workspace/Nexium/sources/Graphics/RenderTargetToTexture.h should remove these lines:
- #include "OpenGL.h"  // lines 28-28

The full include-list for /home/valerii/workspace/Nexium/sources/Graphics/RenderTargetToTexture.h:
#include "Core/Size.h"  // for ISize2
#include "glad/glad.h"  // for GLuint
---

(/home/valerii/workspace/Nexium/sources/Graphics/RenderTargetToTexture.cpp has correct #includes/fwd-decls)

[680/743] Building CXX object sources/CMakeFiles/__Nexium.dir/Graphics/GraphicsComponents.cpp.o
Warning: include-what-you-use reported diagnostics:

/home/valerii/workspace/Nexium/sources/Graphics/GraphicsComponents.h should add these lines:
#include <cstdint>                          // for uint32_t, uint8_t
#include <utility>                          // for swap
#include <vector>                           // for vector, swap
#include "Core/BaseAssert.h"                // for Assert
#include "Core/String.h"                    // for StringAtom
#include "JustReflectMe/Adapter.h"          // for CLASS, ENUM_CLASS, FIELD
#include "JustReflectMe/NlohmannJson.h"     // for json
#include "glad/glad.h"                      // for GLenum, GLuint, glBindBuffer
namespace Core { class ShaderProgram; }
struct aiMesh;

/home/valerii/workspace/Nexium/sources/Graphics/GraphicsComponents.h should remove these lines:
- #include "GraphicsComponents.generated.h"  // lines 402-402
- #include "ShaderProgram.h"  // lines 29-29
- #include "assimp/mesh.h"  // lines 30-30

The full include-list for /home/valerii/workspace/Nexium/sources/Graphics/GraphicsComponents.h:
#include <cstdint>                          // for uint32_t, uint8_t
#include <utility>                          // for swap
#include <vector>                           // for vector, swap
#include "Core/BaseAssert.h"                // for Assert
#include "Core/String.h"                    // for StringAtom
#include "JustReflectMe/Adapter.h"          // for CLASS, ENUM_CLASS, FIELD
#include "JustReflectMe/NlohmannJson.h"     // for json
#include "RawDataManagement/DataStream.h"   // for IDataIO
#include "RawDataManagement/JsonAdapter.h"  // for R_FRIEND_DECL
#include "glad/glad.h"                      // for GLenum, GLuint, glBindBuffer
namespace Core { class ShaderProgram; }
struct aiMesh;
---

/home/valerii/workspace/Nexium/sources/Graphics/GraphicsComponents.cpp should add these lines:
#include <algorithm>                                // for find_if
#include <initializer_list>                         // for initializer_list
#include <map>                                      // for map
#include <optional>                                 // for optional
#include <ranges>                                   // for __find_if_fn
#include <string>                                   // for basic_string, cha...
#include "Graphics/GraphicsComponents.generated.h"  // for R
#include "Graphics/ShaderProgram.h"                 // for ShaderProgram
#include "Misc/BaseLog.h"                           // for GlobalLog, globalLog
#include "assimp/mesh.h"                            // for aiMesh, aiFace
#include "assimp/vector3.h"                         // for aiVector3D
#include "assimp/vector3.inl"                       // for operator*

/home/valerii/workspace/Nexium/sources/Graphics/GraphicsComponents.cpp should remove these lines:

The full include-list for /home/valerii/workspace/Nexium/sources/Graphics/GraphicsComponents.cpp:
#include "GraphicsComponents.h"
#include <algorithm>                                // for find_if
#include <initializer_list>                         // for initializer_list
#include <map>                                      // for map
#include <optional>                                 // for optional
#include <ranges>                                   // for __find_if_fn
#include <string>                                   // for basic_string, cha...
#include "Graphics/GraphicsComponents.generated.h"  // for R
#include "Graphics/ShaderProgram.h"                 // for ShaderProgram
#include "Misc/BaseLog.h"                           // for GlobalLog, globalLog
#include "assimp/mesh.h"                            // for aiMesh, aiFace
#include "assimp/vector3.h"                         // for aiVector3D
#include "assimp/vector3.inl"                       // for operator*
---

[681/743] Building CXX object sources/CMakeFiles/__Nexium.dir/Graphics/ShaderProgram.cpp.o
Warning: include-what-you-use reported diagnostics:

/home/valerii/workspace/Nexium/sources/Graphics/ShaderProgram.h should add these lines:
#include <cstring>                      // for memcmp, strcmp, size_t
#include <functional>                   // for function, swap
#include <unordered_map>                // for unordered_map, swap
#include <utility>                      // for swap
#include <vector>                       // for vector
#include "Core/BaseAssert.h"            // for Assert
#include "Core/String.h"                // for hash, StringAtom
#include "glad/glad.h"                  // for GLuint, GLint, GLfloat, GL_FALSE
#include "glm/detail/qualifier.hpp"     // for qualifier
#include "glm/detail/type_mat2x2.inl"   // for mat<>::operator[]
#include "glm/detail/type_mat2x3.inl"   // for mat<>::operator[]
#include "glm/detail/type_mat2x4.inl"   // for mat<>::operator[]
#include "glm/detail/type_mat3x2.inl"   // for mat<>::operator[]
#include "glm/detail/type_mat3x3.inl"   // for mat<>::operator[]
#include "glm/detail/type_mat3x4.inl"   // for mat<>::operator[]
#include "glm/detail/type_mat4x2.inl"   // for mat<>::operator[]
#include "glm/detail/type_mat4x3.inl"   // for mat<>::operator[]
#include "glm/detail/type_mat4x4.inl"   // for mat<>::operator[]
#include "glm/ext/matrix_float2x2.hpp"  // for mat2
#include "glm/ext/matrix_float2x3.hpp"  // for mat2x3
#include "glm/ext/matrix_float2x4.hpp"  // for mat2x4
#include "glm/ext/matrix_float3x2.hpp"  // for mat3x2
#include "glm/ext/matrix_float3x3.hpp"  // for mat3
#include "glm/ext/matrix_float3x4.hpp"  // for mat3x4
#include "glm/ext/matrix_float4x2.hpp"  // for mat4x2
#include "glm/ext/matrix_float4x3.hpp"  // for mat4x3
#include "glm/ext/matrix_float4x4.hpp"  // for mat4
#include "glm/ext/vector_float2.hpp"    // for vec2
#include "glm/ext/vector_int2.hpp"      // for ivec2
#include "glm/gtc/type_ptr.inl"         // for value_ptr

/home/valerii/workspace/Nexium/sources/Graphics/ShaderProgram.h should remove these lines:
- #include "OpenGL.h"  // lines 29-29
- #include "glm/gtc/type_ptr.hpp"  // lines 31-31

The full include-list for /home/valerii/workspace/Nexium/sources/Graphics/ShaderProgram.h:
#include <cstring>                      // for memcmp, strcmp, size_t
#include <functional>                   // for function, swap
#include <unordered_map>                // for unordered_map, swap
#include <utility>                      // for swap
#include <vector>                       // for vector
#include "Core/BaseAssert.h"            // for Assert
#include "Core/Color.h"                 // for NormColor4, NormColor3
#include "Core/String.h"                // for hash, StringAtom
#include "Misc/BaseLog.h"               // for BaseLog
#include "glad/glad.h"                  // for GLuint, GLint, GLfloat, GL_FALSE
#include "glm/detail/qualifier.hpp"     // for qualifier
#include "glm/detail/type_mat2x2.inl"   // for mat<>::operator[]
#include "glm/detail/type_mat2x3.inl"   // for mat<>::operator[]
#include "glm/detail/type_mat2x4.inl"   // for mat<>::operator[]
#include "glm/detail/type_mat3x2.inl"   // for mat<>::operator[]
#include "glm/detail/type_mat3x3.inl"   // for mat<>::operator[]
#include "glm/detail/type_mat3x4.inl"   // for mat<>::operator[]
#include "glm/detail/type_mat4x2.inl"   // for mat<>::operator[]
#include "glm/detail/type_mat4x3.inl"   // for mat<>::operator[]
#include "glm/detail/type_mat4x4.inl"   // for mat<>::operator[]
#include "glm/ext/matrix_float2x2.hpp"  // for mat2
#include "glm/ext/matrix_float2x3.hpp"  // for mat2x3
#include "glm/ext/matrix_float2x4.hpp"  // for mat2x4
#include "glm/ext/matrix_float3x2.hpp"  // for mat3x2
#include "glm/ext/matrix_float3x3.hpp"  // for mat3
#include "glm/ext/matrix_float3x4.hpp"  // for mat3x4
#include "glm/ext/matrix_float4x2.hpp"  // for mat4x2
#include "glm/ext/matrix_float4x3.hpp"  // for mat4x3
#include "glm/ext/matrix_float4x4.hpp"  // for mat4
#include "glm/ext/vector_float2.hpp"    // for vec2
#include "glm/ext/vector_int2.hpp"      // for ivec2
#include "glm/fwd.hpp"                  // for ivec3, vec3
#include "glm/gtc/type_ptr.inl"         // for value_ptr
namespace Core { class ShaderProgramMeta; }  // lines 34-34
---

/home/valerii/workspace/Nexium/sources/Graphics/ShaderProgram.cpp should add these lines:
#include <unordered_set>        // for unordered_set

/home/valerii/workspace/Nexium/sources/Graphics/ShaderProgram.cpp should remove these lines:

The full include-list for /home/valerii/workspace/Nexium/sources/Graphics/ShaderProgram.cpp:
#include "ShaderProgram.h"
#include <unordered_set>        // for unordered_set
#include "ModuleInfo.h"         // for getLogger
#include "ShaderProgramMeta.h"  // for ShaderProgramMeta
---

[682/743] Building CXX object sources/CMakeFiles/__Nexium.dir/Graphics/ShaderManager.cpp.o
Warning: include-what-you-use reported diagnostics:

/home/valerii/workspace/Nexium/sources/Graphics/ShaderManager.h should add these lines:
#include <stddef.h>             // for size_t
#include <filesystem>           // for path
#include <string>               // for basic_string, hash, string, operator==
#include <unordered_map>        // for unordered_map
#include "Core/String.h"        // for StringAtom, hash
#include "Misc/BaseLog.h"       // for BaseLog
namespace Core { class ShaderProgram; }

/home/valerii/workspace/Nexium/sources/Graphics/ShaderManager.h should remove these lines:

The full include-list for /home/valerii/workspace/Nexium/sources/Graphics/ShaderManager.h:
#include <stddef.h>             // for size_t
#include <filesystem>           // for path
#include <string>               // for basic_string, hash, string, operator==
#include <unordered_map>        // for unordered_map
#include <unordered_set>        // for unordered_set
#include "Core/String.h"        // for StringAtom, hash
#include "Misc/BaseLog.h"       // for BaseLog
#include "ShaderProgramMeta.h"  // for ShaderProgramMeta
namespace Core { class ShaderProgram; }
---

/home/valerii/workspace/Nexium/sources/Graphics/ShaderManager.cpp should add these lines:
#include <algorithm>                     // for max
#include <cstring>                       // for memcpy, strlen, strstr, memcmp
#include <exception>                     // for exception
#include <utility>                       // for move, pair
#include "Core/BaseAssert.h"             // for Assert
#include "Graphics/ShaderProgramMeta.h"  // for ShaderProgramMeta, ShaderType
namespace Core { class ShaderProgram; }

/home/valerii/workspace/Nexium/sources/Graphics/ShaderManager.cpp should remove these lines:

The full include-list for /home/valerii/workspace/Nexium/sources/Graphics/ShaderManager.cpp:
#include "ShaderManager.h"
#include <algorithm>                     // for max
#include <cstring>                       // for memcpy, strlen, strstr, memcmp
#include <exception>                     // for exception
#include <utility>                       // for move, pair
#include "Core/BaseAssert.h"             // for Assert
#include "Graphics/ShaderProgramMeta.h"  // for ShaderProgramMeta, ShaderType
#include "ModuleInfo.h"                  // for getLogger
namespace Core { class ShaderProgram; }
---

[683/743] Building CXX object sources/CMakeFiles/__Nexium.dir/Graphics/ShaderProgramMeta.cpp.o
Warning: include-what-you-use reported diagnostics:

/home/valerii/workspace/Nexium/sources/Graphics/ShaderProgramMeta.h should add these lines:
#include <cstddef>                  // for size_t
#include <filesystem>               // for path
#include <string>                   // for string
#include "JustReflectMe/Adapter.h"  // for ENUM_CLASS
#include "glad/glad.h"              // for GLuint, GL_FRAGMENT_SHADER, GL_GE...

/home/valerii/workspace/Nexium/sources/Graphics/ShaderProgramMeta.h should remove these lines:
- #include "ShaderProgramMeta.generated.h"  // lines 143-143

The full include-list for /home/valerii/workspace/Nexium/sources/Graphics/ShaderProgramMeta.h:
#include <cstddef>                  // for size_t
#include <filesystem>               // for path
#include <string>                   // for string
#include <unordered_set>            // for unordered_set
#include "Core/String.h"            // for StringAtom
#include "JustReflectMe/Adapter.h"  // for ENUM_CLASS
#include "Misc/BaseLog.h"           // for BaseLog
#include "ShaderProgram.h"          // for ShaderVariable, ShaderUBO, Shader...
#include "glad/glad.h"              // for GLuint, GL_FRAGMENT_SHADER, GL_GE...
---

/home/valerii/workspace/Nexium/sources/Graphics/ShaderProgramMeta.cpp should add these lines:
#include <string.h>                  // for memcpy, strlen, strstr, memcmp
#include <exception>                 // for exception
#include <stdexcept>                 // for runtime_error
#include <utility>                   // for move
#include <vector>                    // for vector
#include "Graphics/ShaderProgram.h"  // for ShaderVariable, ShaderUBO, Shade...

/home/valerii/workspace/Nexium/sources/Graphics/ShaderProgramMeta.cpp should remove these lines:
- #include "spdlog/async_logger.h"  // lines 29-29

The full include-list for /home/valerii/workspace/Nexium/sources/Graphics/ShaderProgramMeta.cpp:
#include "ShaderProgramMeta.h"
#include <string.h>                  // for memcpy, strlen, strstr, memcmp
#include <algorithm>                 // for __sort_fn, sort
#include <exception>                 // for exception
#include <stdexcept>                 // for runtime_error
#include <utility>                   // for move
#include <vector>                    // for vector
#include "Graphics/ShaderProgram.h"  // for ShaderVariable, ShaderUBO, Shade...
#include "ModuleInfo.h"              // for getLogger
#include "Utils/Functions.h"         // for GetTextFileContentAs
---

[684/743] Linking CXX static library lib/lib__ECSd.a
[685/743] Generating CXX dyndep file tests/ECSTests/CMakeFiles/ECSTests.dir/CXX.dd
[686/743] Generating CXX dyndep file game-example/CMakeFiles/TemplateGame.dir/CXX.dd
[687/743] Linking CXX static library lib/libgmockd.a
[688/743] Building CXX object sources/CMakeFiles/__Nexium.dir/InputDevices/ModuleInfo.cpp.o
Warning: include-what-you-use reported diagnostics:

(/home/valerii/workspace/Nexium/sources/InputDevices/ModuleInfo.h has correct #includes/fwd-decls)

/home/valerii/workspace/Nexium/sources/InputDevices/ModuleInfo.cpp should add these lines:
#include <memory>                             // for shared_ptr
#include <string>                             // for basic_string

/home/valerii/workspace/Nexium/sources/InputDevices/ModuleInfo.cpp should remove these lines:
- #include "Misc/BaseLog.h"  // lines 27-27

The full include-list for /home/valerii/workspace/Nexium/sources/InputDevices/ModuleInfo.cpp:
#include "ModuleInfo.h"
#include <memory>                             // for shared_ptr
#include <string>                             // for basic_string
#include "spdlog/sinks/stdout_color_sinks.h"  // for stdout_color_mt
---

[689/743] Building CXX object sources/CMakeFiles/__Nexium.dir/Graphics/Texture.cpp.o
Warning: include-what-you-use reported diagnostics:

/home/valerii/workspace/Nexium/sources/Graphics/Texture.h should add these lines:
#include <utility>      // for swap
#include "Core/Size.h"  // for ISize2
#include "glad/glad.h"  // for GLint, GLenum, GLsizei, GLuint, GL_CLAMP_TO_EDGE
namespace Core { class Image; }

/home/valerii/workspace/Nexium/sources/Graphics/Texture.h should remove these lines:
- #include "Image.h"  // lines 27-27
- #include "OpenGL.h"  // lines 28-28

The full include-list for /home/valerii/workspace/Nexium/sources/Graphics/Texture.h:
#include <filesystem>   // for path
#include <utility>      // for swap
#include "Core/Size.h"  // for ISize2
#include "glad/glad.h"  // for GLint, GLenum, GLsizei, GLuint, GL_CLAMP_TO_EDGE
namespace Core { class Image; }
---

/home/valerii/workspace/Nexium/sources/Graphics/Texture.cpp should add these lines:
#include "Core/BaseAssert.h"  // for Assert
#include "Graphics/Image.h"   // for Image

/home/valerii/workspace/Nexium/sources/Graphics/Texture.cpp should remove these lines:

The full include-list for /home/valerii/workspace/Nexium/sources/Graphics/Texture.cpp:
#include "Texture.h"
#include "Core/BaseAssert.h"  // for Assert
#include "Graphics/Image.h"   // for Image
---

[690/743] Linking CXX static library lib/libbenchmarkd.a
[691/743] Building CXX object sources/CMakeFiles/__Nexium.dir/Graphics/Primitives/StaticMeshBundle.cpp.o
Warning: include-what-you-use reported diagnostics:

/home/valerii/workspace/Nexium/sources/Graphics/Primitives/StaticMeshBundle.h should add these lines:
#include <stdint.h>                         // for uint32_t
#include <cstddef>                          // for size_t
#include <filesystem>                       // for path
#include <utility>                          // for swap
#include <vector>                           // for vector, swap
#include "ECS/BaseComponent.h"              // for BaseComponent, ECS_COMPON...
#include "Graphics/IOutliner.h"             // for IOutliner
#include "JustReflectMe/Adapter.h"          // for CLASS, FIELD
#include "RawDataManagement/JsonAdapter.h"  // for R_FRIEND_DECL
#include "glm/detail/qualifier.hpp"         // for qualifier
#include "glm/detail/type_mat4x4.inl"       // for mat<>::mat<4, 4, T, Q>
#include "glm/detail/type_vec4.inl"         // for vec<>::vec<4, T, Q>
#include "glm/ext/matrix_float4x4.hpp"      // for mat4
namespace Core { class ShaderProgram; }
namespace Core { class StaticMesh; }

/home/valerii/workspace/Nexium/sources/Graphics/Primitives/StaticMeshBundle.h should remove these lines:
- #include "StaticMesh.h"  // lines 28-28
- #include "StaticMeshBundle.generated.h"  // lines 148-148

The full include-list for /home/valerii/workspace/Nexium/sources/Graphics/Primitives/StaticMeshBundle.h:
#include <stdint.h>                         // for uint32_t
#include <cstddef>                          // for size_t
#include <filesystem>                       // for path
#include <utility>                          // for swap
#include <vector>                           // for vector, swap
#include "ECS/BaseComponent.h"              // for BaseComponent, ECS_COMPON...
#include "GameplaySystem/Entities/Actor.h"  // for Actor
#include "Graphics/IOutliner.h"             // for IOutliner
#include "JustReflectMe/Adapter.h"          // for CLASS, FIELD
#include "RawDataManagement/JsonAdapter.h"  // for R_FRIEND_DECL
#include "glm/detail/qualifier.hpp"         // for qualifier
#include "glm/detail/type_mat4x4.inl"       // for mat<>::mat<4, 4, T, Q>
#include "glm/detail/type_vec4.inl"         // for vec<>::vec<4, T, Q>
#include "glm/ext/matrix_float4x4.hpp"      // for mat4
namespace Core { class ShaderProgram; }
namespace Core { class StaticMesh; }
struct aiNode;  // lines 31-31
struct aiScene;  // lines 30-30
---

/home/valerii/workspace/Nexium/sources/Graphics/Primitives/StaticMeshBundle.cpp should add these lines:
#include <string.h>                          // for memcpy, strlen, memcmp
#include <algorithm>                         // for find
#include <functional>                        // for function
#include <ranges>                            // for __find_fn
#include <string>                            // for basic_string
#include "Core/BaseAssert.h"                 // for Verify
#include "Core/IntrusivePtr.h"               // for IntrusivePtr
#include "Core/String.h"                     // for StringFormatter
#include "ECS/Transformable.h"               // for Transformable
#include "Graphics/Primitives/StaticMesh.h"  // for StaticMesh
#include "Misc/BaseLog.h"                    // for GlobalLog, globalLog
#include "assimp/mesh.h"                     // for aiMesh
#include "assimp/types.h"                    // for aiString
namespace Core { class ShaderProgram; }

/home/valerii/workspace/Nexium/sources/Graphics/Primitives/StaticMeshBundle.cpp should remove these lines:
- #include "assimp/Importer.hpp"  // lines 27-27

The full include-list for /home/valerii/workspace/Nexium/sources/Graphics/Primitives/StaticMeshBundle.cpp:
#include "StaticMeshBundle.h"
#include <string.h>                          // for memcpy, strlen, memcmp
#include <algorithm>                         // for find
#include <functional>                        // for function
#include <ranges>                            // for __find_fn
#include <string>                            // for basic_string
#include "Core/BaseAssert.h"                 // for Verify
#include "Core/IntrusivePtr.h"               // for IntrusivePtr
#include "Core/String.h"                     // for StringFormatter
#include "ECS/Transformable.h"               // for Transformable
#include "Graphics/Primitives/StaticMesh.h"  // for StaticMesh
#include "Misc/BaseLog.h"                    // for GlobalLog, globalLog
#include "assimp/mesh.h"                     // for aiMesh
#include "assimp/scene.h"                    // for aiNode, aiScene
#include "assimp/types.h"                    // for aiString
namespace Core { class ShaderProgram; }
---

[692/743] Building C object _deps/pcre2-build/CMakeFiles/pcre2-posix-static.dir/src/pcre2posix.c.o
[693/743] Building CXX object _deps/benchmark-build/src/CMakeFiles/benchmark_main.dir/benchmark_main.cc.o
Warning: include-what-you-use reported diagnostics:

/home/valerii/workspace/Nexium/build/debug/clang/_deps/benchmark-src/src/benchmark_main.cc should add these lines:
#include "benchmark/export.h"     // for BENCHMARK_EXPORT

/home/valerii/workspace/Nexium/build/debug/clang/_deps/benchmark-src/src/benchmark_main.cc should remove these lines:

The full include-list for /home/valerii/workspace/Nexium/build/debug/clang/_deps/benchmark-src/src/benchmark_main.cc:
#include "benchmark/benchmark.h"  // for BENCHMARK_MAIN
#include "benchmark/export.h"     // for BENCHMARK_EXPORT
---

[694/743] Building CXX object sources/CMakeFiles/__Nexium.dir/Scene/ModuleInfo.cpp.o
Warning: include-what-you-use reported diagnostics:

(/home/valerii/workspace/Nexium/sources/Scene/ModuleInfo.h has correct #includes/fwd-decls)

/home/valerii/workspace/Nexium/sources/Scene/ModuleInfo.cpp should add these lines:
#include <memory>                             // for shared_ptr
#include <string>                             // for basic_string

/home/valerii/workspace/Nexium/sources/Scene/ModuleInfo.cpp should remove these lines:
- #include "Misc/BaseLog.h"  // lines 27-27

The full include-list for /home/valerii/workspace/Nexium/sources/Scene/ModuleInfo.cpp:
#include "ModuleInfo.h"
#include <memory>                             // for shared_ptr
#include <string>                             // for basic_string
#include "spdlog/sinks/stdout_color_sinks.h"  // for stdout_color_mt
---

[695/743] Building CXX object _deps/googletest-build/googletest/CMakeFiles/gtest_main.dir/src/gtest_main.cc.o
[696/743] Building CXX object sources/CMakeFiles/__Nexium.dir/InputDevices/InputManager.cpp.o
Warning: include-what-you-use reported diagnostics:

/home/valerii/workspace/Nexium/sources/InputDevices/InputManager.h should add these lines:
#include <algorithm>                          // for find, find_if
#include <filesystem>                         // for path
#include <type_traits>                        // for conditional_t
#include "Core/IntrusivePtr.h"                // for IntrusivePtr
#include "Core/String.h"                      // for StringAtom, StringForma...

/home/valerii/workspace/Nexium/sources/InputDevices/InputManager.h should remove these lines:

The full include-list for /home/valerii/workspace/Nexium/sources/InputDevices/InputManager.h:
#include <algorithm>                          // for find, find_if
#include <filesystem>                         // for path
#include <type_traits>                        // for conditional_t
#include <unordered_map>                      // for unordered_map
#include "../RawDataManagement/DataStream.h"  // for IDataIO
#include "Core/IntrusivePtr.h"                // for IntrusivePtr
#include "Core/String.h"                      // for StringAtom, StringForma...
#include "InputAction.h"                      // for KeyboardInputAction
#include "Misc/BaseLog.h"                     // for BaseLog
#include "ModuleInfo.h"                       // for getLogger
---

(/home/valerii/workspace/Nexium/sources/InputDevices/InputManager.cpp has correct #includes/fwd-decls)

[697/743] Building CXX object _deps/googletest-build/googlemock/CMakeFiles/gmock_main.dir/src/gmock_main.cc.o
[698/743] Building CXX object sources/CMakeFiles/__Nexium.dir/Graphics/Primitives/StaticMesh.cpp.o
Warning: include-what-you-use reported diagnostics:

/home/valerii/workspace/Nexium/sources/Graphics/Primitives/StaticMesh.h should add these lines:
#include <cstdint>                          // for uint8_t, uintptr_t
#include <functional>                       // for function
#include "Core/Color.h"                     // for Color3, Color4
#include "Core/Size.h"                      // for FSize3
#include "Core/String.h"                    // for StringAtom
#include "JustReflectMe/Adapter.h"          // for FIELD, CLASS
#include "RawDataManagement/JsonAdapter.h"  // for R_FRIEND_DECL
#include "glad/glad.h"                      // for GLuint
#include "glm/detail/qualifier.hpp"         // for qualifier
#include "glm/detail/type_mat4x4.inl"       // for mat<>::mat<4, 4, T, Q>
#include "glm/detail/type_vec3.inl"         // for vec<>::vec<3, T, Q>, oper...
#include "glm/detail/type_vec4.inl"         // for vec<>::vec<4, T, Q>
#include "glm/ext/matrix_float4x4.hpp"      // for mat4
#include "glm/fwd.hpp"                      // for vec3
namespace Core { class ShaderProgram; }
struct aiMesh;
struct aiScene;

/home/valerii/workspace/Nexium/sources/Graphics/Primitives/StaticMesh.h should remove these lines:
- #include "StaticMesh.generated.h"  // lines 143-143
- #include "assimp/mesh.h"  // lines 32-32
- #include "assimp/scene.h"  // lines 33-33

The full include-list for /home/valerii/workspace/Nexium/sources/Graphics/Primitives/StaticMesh.h:
#include <cstdint>                          // for uint8_t, uintptr_t
#include <filesystem>                       // for path
#include <functional>                       // for function
#include "Core/Color.h"                     // for Color3, Color4
#include "Core/Size.h"                      // for FSize3
#include "Core/String.h"                    // for StringAtom
#include "ECS/BaseComponent.h"              // for BaseComponent, ECS_COMPON...
#include "ECS/Transformable.h"              // for Transformable
#include "Graphics/GraphicsComponents.h"    // for InterleavedGraphicsData
#include "Graphics/IOutliner.h"             // for IOutliner
#include "JustReflectMe/Adapter.h"          // for FIELD, CLASS
#include "RawDataManagement/JsonAdapter.h"  // for R_FRIEND_DECL
#include "assimp/matrix4x4.h"               // for aiMatrix4x4
#include "glad/glad.h"                      // for GLuint
#include "glm/detail/qualifier.hpp"         // for qualifier
#include "glm/detail/type_mat4x4.inl"       // for mat<>::mat<4, 4, T, Q>
#include "glm/detail/type_vec3.inl"         // for vec<>::vec<3, T, Q>, oper...
#include "glm/detail/type_vec4.inl"         // for vec<>::vec<4, T, Q>
#include "glm/ext/matrix_float4x4.hpp"      // for mat4
#include "glm/fwd.hpp"                      // for vec3
namespace Core { class ShaderProgram; }
namespace Core { class StaticMeshBundle; }  // lines 39-39
struct aiMesh;
struct aiScene;
---

/home/valerii/workspace/Nexium/sources/Graphics/Primitives/StaticMesh.cpp should add these lines:
#include <string.h>                                 // for memcpy, strlen
#include <algorithm>                                // for max, min
#include <cmath>                                    // for sqrt
#include <limits>                                   // for numeric_limits
#include <memory>                                   // for unique_ptr
#include <vector>                                   // for vector
#include "Core/BaseAssert.h"                        // for Verify
#include "Core/IntrusivePtr.h"                      // for IntrusivePtr
#include "GameplaySystem/Camera.h"                  // for BaseCamera
#include "GameplaySystem/Framework/World.h"         // for LightningProps
#include "Graphics/ShaderProgram.h"                 // for ShaderProgram
#include "assimp/material.h"                        // for aiMaterial, aiTex...
#include "assimp/material.inl"                      // for aiMaterial::GetTe...
#include "assimp/matrix4x4.inl"                     // for aiMatrix4x4t::aiM...
#include "assimp/mesh.h"                            // for aiMesh
#include "assimp/texture.h"                         // for aiTexture
#include "assimp/types.h"                           // for aiString, AI_SUCCESS
#include "assimp/vector3.h"                         // for aiVector3D
#include "assimp/vector3.inl"                       // for aiVector3t::opera...
#include "glm/detail/func_geometric.inl"            // for length
#include "glm/detail/type_vec3.hpp"                 // for vec

/home/valerii/workspace/Nexium/sources/Graphics/Primitives/StaticMesh.cpp should remove these lines:
- #include "assimp/Importer.hpp"  // lines 32-32

The full include-list for /home/valerii/workspace/Nexium/sources/Graphics/Primitives/StaticMesh.cpp:
#include "StaticMesh.h"
#include <string.h>                                 // for memcpy, strlen
#include <algorithm>                                // for max, min
#include <cmath>                                    // for sqrt
#include <limits>                                   // for numeric_limits
#include <memory>                                   // for unique_ptr
#include <vector>                                   // for vector
#include "Core/Assert.h"                            // for AssertAtCount
#include "Core/BaseAssert.h"                        // for Verify
#include "Core/IntrusivePtr.h"                      // for IntrusivePtr
#include "Core/Timer.h"                             // for FStopwatch
#include "GameplaySystem/Camera.h"                  // for BaseCamera
#include "GameplaySystem/Framework/GameInstance.h"  // for GameInstance, gGa...
#include "GameplaySystem/Framework/World.h"         // for LightningProps
#include "Graphics/Image.h"                         // for Image
#include "Graphics/ShaderProgram.h"                 // for ShaderProgram
#include "StaticMeshBundle.h"                       // for StaticMeshBundle
#include "assimp/material.h"                        // for aiMaterial, aiTex...
#include "assimp/material.inl"                      // for aiMaterial::GetTe...
#include "assimp/matrix4x4.inl"                     // for aiMatrix4x4t::aiM...
#include "assimp/mesh.h"                            // for aiMesh
#include "assimp/scene.h"                           // for aiScene
#include "assimp/texture.h"                         // for aiTexture
#include "assimp/types.h"                           // for aiString, AI_SUCCESS
#include "assimp/vector3.h"                         // for aiVector3D
#include "assimp/vector3.inl"                       // for aiVector3t::opera...
#include "glm/detail/func_geometric.inl"            // for length
#include "glm/detail/type_vec3.hpp"                 // for vec
---

[699/743] Building CXX object sources/CMakeFiles/__Nexium.dir/InputDevices/InputAction.cpp.o
Warning: include-what-you-use reported diagnostics:

/home/valerii/workspace/Nexium/sources/InputDevices/InputAction.h should add these lines:
#include <string.h>                   // for memcpy
#include <compare>                    // for operator>=, strong_ordering
#include <concepts>                   // for derived_from
#include <optional>                   // for optional
#include <type_traits>                // for conditional_t, remove_reference_t
#include <utility>                    // for move
#include "Core/String.h"              // for StringAtom
#include "glm/ext/vector_float2.hpp"  // for vec2

/home/valerii/workspace/Nexium/sources/InputDevices/InputAction.h should remove these lines:
- #include "glm/glm.hpp"  // lines 31-31

The full include-list for /home/valerii/workspace/Nexium/sources/InputDevices/InputAction.h:
#include <string.h>                   // for memcpy
#include <chrono>                     // for system_clock, duration, duratio...
#include <compare>                    // for operator>=, strong_ordering
#include <concepts>                   // for derived_from
#include <optional>                   // for optional
#include <type_traits>                // for conditional_t, remove_reference_t
#include <utility>                    // for move
#include "Core/Delegate.h"            // for Delegate, DelegateSubscriber
#include "Core/IntrusivePtr.h"        // for IntrusivePtr, IntrusiveRefCounter
#include "Core/String.h"              // for StringAtom
#include "Keyboard.h"                 // for Keyboard
#include "Mouse.h"                    // for Mouse
#include "glm/ext/vector_float2.hpp"  // for vec2
---

/home/valerii/workspace/Nexium/sources/InputDevices/InputAction.cpp should add these lines:
#include "InputDevices/Mouse.h"      // for Mouse
#include "glm/detail/qualifier.hpp"  // for qualifier
#include "glm/detail/type_vec2.hpp"  // for vec
#include "glm/detail/type_vec2.inl"  // for operator-, operator!=

/home/valerii/workspace/Nexium/sources/InputDevices/InputAction.cpp should remove these lines:

The full include-list for /home/valerii/workspace/Nexium/sources/InputDevices/InputAction.cpp:
#include "InputAction.h"
#include "Graphics/Window.h"         // for DragAndDrop, gDragDrop
#include "InputDevices/Mouse.h"      // for Mouse
#include "Keyboard.h"                // for Keyboard
#include "glm/detail/qualifier.hpp"  // for qualifier
#include "glm/detail/type_vec2.hpp"  // for vec
#include "glm/detail/type_vec2.inl"  // for operator-, operator!=
---

[700/743] Building CXX object sources/CMakeFiles/__Nexium.dir/InputDevices/Keyboard.cpp.o
Warning: include-what-you-use reported diagnostics:

/home/valerii/workspace/Nexium/sources/InputDevices/Keyboard.h should add these lines:
#include <cstdint>                  // for uint16_t, uint8_t

/home/valerii/workspace/Nexium/sources/InputDevices/Keyboard.h should remove these lines:
- #include "Keyboard.generated.h"  // lines 187-187
- #include "glad/glad.h"  // lines 28-28

The full include-list for /home/valerii/workspace/Nexium/sources/InputDevices/Keyboard.h:
#include <cstdint>                  // for uint16_t, uint8_t
#include "GLFW/glfw3.h"             // for GLFW_KEY_0, GLFW_KEY_1, GLFW_KEY_2
#include "JustReflectMe/Adapter.h"  // for ENUM_CLASS
---

(/home/valerii/workspace/Nexium/sources/InputDevices/Keyboard.cpp has correct #includes/fwd-decls)

[701/743] Building CXX object sources/CMakeFiles/__Nexium.dir/Graphics/Window.cpp.o
Warning: include-what-you-use reported diagnostics:

/home/valerii/workspace/Nexium/sources/Graphics/Window.h should add these lines:
#include <concepts>                           // for derived_from
#include <cstdint>                            // for uint8_t
#include <memory>                             // for unique_ptr
#include <type_traits>                        // for remove_reference_t
#include "Core/BaseAssert.h"                  // for Assert
#include "Core/String.h"                      // for StringAtom, BaseString
#include "GLFW/glfw3.h"                       // for GLFWwindow, GLFW_CURSOR...
#include "JustReflectMe/Adapter.h"            // for FIELD, ENUM_CLASS, CLASS
#include "glm/detail/qualifier.hpp"           // for qualifier
#include "glm/ext/vector_float2.hpp"          // for vec2

/home/valerii/workspace/Nexium/sources/Graphics/Window.h should remove these lines:
- #include "Window.generated.h"  // lines 219-219

The full include-list for /home/valerii/workspace/Nexium/sources/Graphics/Window.h:
#include <concepts>                           // for derived_from
#include <cstdint>                            // for uint8_t
#include <memory>                             // for unique_ptr
#include <type_traits>                        // for remove_reference_t
#include "../RawDataManagement/DataStream.h"  // for IDataIO
#include "Core/BaseAssert.h"                  // for Assert
#include "Core/Delegate.h"                    // for Delegate, DelegateSubsc...
#include "Core/Singleton.h"                   // for SINGLETONS_FRIEND, Sing...
#include "Core/Size.h"                        // for ISize2
#include "Core/String.h"                      // for StringAtom, BaseString
#include "GLFW/glfw3.h"                       // for GLFWwindow, GLFW_CURSOR...
#include "InputDevices/Keyboard.h"            // for Keyboard
#include "InputDevices/Mouse.h"               // for Mouse
#include "JustReflectMe/Adapter.h"            // for FIELD, ENUM_CLASS, CLASS
#include "Misc/BaseLog.h"                     // for BaseLog
#include "OpenGL.h"                           // for ViewportMode
#include "glm/detail/qualifier.hpp"           // for qualifier
#include "glm/ext/vector_float2.hpp"          // for vec2
---

/home/valerii/workspace/Nexium/sources/Graphics/Window.cpp should add these lines:
#include <string.h>                            // for memcpy, strlen, strstr
#include <cmath>                               // for sqrt
#include "Graphics/OpenGL.h"                   // for UpdateGlViewport, View...
#include "RawDataManagement/DataStream.h"      // for CacheSystem, GetCacheS...
#include "glad/glad.h"                         // for glGetString, GLADloadproc
#include "glm/detail/func_geometric.inl"       // for distance
#include "glm/detail/type_vec2.inl"            // for operator-, operator*

/home/valerii/workspace/Nexium/sources/Graphics/Window.cpp should remove these lines:

The full include-list for /home/valerii/workspace/Nexium/sources/Graphics/Window.cpp:
#include "Window.h"
#include <string.h>                            // for memcpy, strlen, strstr
#include <cmath>                               // for sqrt
#include "../RawDataManagement/JsonAdapter.h"  // for from_json, to_json
#include "Graphics/OpenGL.h"                   // for UpdateGlViewport, View...
#include "ImGui/imgui.h"                       // for ImGuiIO, CreateContext
#include "ModuleInfo.h"                        // for getLogger
#include "RawDataManagement/DataStream.h"      // for CacheSystem, GetCacheS...
#include "glad/glad.h"                         // for glGetString, GLADloadproc
#include "glm/detail/func_geometric.inl"       // for distance
#include "glm/detail/type_vec2.inl"            // for operator-, operator*
---

[706/743] Building CXX object sources/CMakeFiles/__Nexium.dir/InputDevices/Mouse.cpp.o
Warning: include-what-you-use reported diagnostics:

/home/valerii/workspace/Nexium/sources/InputDevices/Mouse.h should add these lines:
#include "glm/ext/vector_float2.hpp"  // for vec2

/home/valerii/workspace/Nexium/sources/InputDevices/Mouse.h should remove these lines:
- #include "Core/String.h"  // lines 27-27
- #include "Mouse.generated.h"  // lines 93-93
- #include "glm/glm.hpp"  // lines 29-29

The full include-list for /home/valerii/workspace/Nexium/sources/InputDevices/Mouse.h:
#include "GLFW/glfw3.h"               // for GLFW_MOD_ALT, GLFW_MOD_CAPS_LOCK
#include "JustReflectMe/Adapter.h"    // for ENUM_CLASS
#include "glad/glad.h"                // for GLenum
#include "glm/ext/vector_float2.hpp"  // for vec2
---

/home/valerii/workspace/Nexium/sources/InputDevices/Mouse.cpp should add these lines:
#include <memory>                                   // for unique_ptr
#include "Editor/GameEditor.h"                      // for GameEditor
#include "glm/detail/qualifier.hpp"                 // for qualifier
#include "glm/detail/type_vec2.inl"                 // for vec<>::vec<2, T, Q>

/home/valerii/workspace/Nexium/sources/InputDevices/Mouse.cpp should remove these lines:

The full include-list for /home/valerii/workspace/Nexium/sources/InputDevices/Mouse.cpp:
#include "Mouse.h"
#include <memory>                                   // for unique_ptr
#include "Editor/GameEditor.h"                      // for GameEditor
#include "Editor/Windows/GameViewport.h"            // for GameViewportEWC
#include "GameplaySystem/Framework/GameInstance.h"  // for GameInstance, gGa...
#include "Graphics/Window.h"                        // for GetWindow, Window
#include "glm/detail/qualifier.hpp"                 // for qualifier
#include "glm/detail/type_vec2.inl"                 // for vec<>::vec<2, T, Q>
---

[707/743] Building CXX object sources/CMakeFiles/__Nexium.dir/Scene/Grid.cpp.o
Warning: include-what-you-use reported diagnostics:

/home/valerii/workspace/Nexium/sources/Scene/Grid.h should add these lines:

/home/valerii/workspace/Nexium/sources/Scene/Grid.h should remove these lines:
- #include "Core/Color.h"  // lines 27-27

The full include-list for /home/valerii/workspace/Nexium/sources/Scene/Grid.h:
---

/home/valerii/workspace/Nexium/sources/Scene/Grid.cpp should add these lines:
#include <memory>                                   // for unique_ptr
#include "Core/BaseAssert.h"                        // for Verify
#include "GameplaySystem/Camera.h"                  // for BaseCamera
#include "Graphics/ShaderManager.h"                 // for ShaderManager
#include "Graphics/ShaderProgram.h"                 // for ShaderProgram
#include "glad/glad.h"                              // for GL_BLEND, GL_CULL...

/home/valerii/workspace/Nexium/sources/Scene/Grid.cpp should remove these lines:
- #include "Core/String.h"  // lines 27-27

The full include-list for /home/valerii/workspace/Nexium/sources/Scene/Grid.cpp:
#include "Grid.h"
#include <memory>                                   // for unique_ptr
#include "Core/BaseAssert.h"                        // for Verify
#include "GameplaySystem/Camera.h"                  // for BaseCamera
#include "GameplaySystem/Framework/GameInstance.h"  // for GameInstance, gGa...
#include "Graphics/ShaderManager.h"                 // for ShaderManager
#include "Graphics/ShaderProgram.h"                 // for ShaderProgram
#include "glad/glad.h"                              // for GL_BLEND, GL_CULL...
---

[710/743] Building CXX object sources/CMakeFiles/__Nexium.dir/Scene/SceneObject.cpp.o
Warning: include-what-you-use reported diagnostics:

/home/valerii/workspace/Nexium/sources/Scene/SceneObject.h should add these lines:
#include <string>                           // for basic_string, string
#include "Core/String.h"                    // for StringAtom
#include "JustReflectMe/Adapter.h"          // for CLASS
#include "RawDataManagement/JsonAdapter.h"  // for R_FRIEND_DECL

/home/valerii/workspace/Nexium/sources/Scene/SceneObject.h should remove these lines:
- #include "SceneObject.generated.h"  // lines 70-70

The full include-list for /home/valerii/workspace/Nexium/sources/Scene/SceneObject.h:
#include <string>                           // for basic_string, string
#include "Core/String.h"                    // for StringAtom
#include "ECS/BaseComponent.h"              // for BaseComponent, ECS_COMPON...
#include "ECS/Transformable.h"              // for Transformable
#include "Graphics/IOutliner.h"             // for IOutliner
#include "JustReflectMe/Adapter.h"          // for CLASS
#include "RawDataManagement/JsonAdapter.h"  // for R_FRIEND_DECL
#include "Renderable.h"                     // for Renderable
---

/home/valerii/workspace/Nexium/sources/Scene/SceneObject.cpp should add these lines:
#include <string.h>            // for memcpy

/home/valerii/workspace/Nexium/sources/Scene/SceneObject.cpp should remove these lines:

The full include-list for /home/valerii/workspace/Nexium/sources/Scene/SceneObject.cpp:
#include "SceneObject.h"
#include <string.h>            // for memcpy
#include "Scene/ModuleInfo.h"  // for getLogger
---

[711/743] Building CXX object _deps/utils-build/tests/CMakeFiles/UtilsTests.dir/PositionTests.cpp.o
Warning: include-what-you-use reported diagnostics:

/home/valerii/workspace/Nexium/build/debug/clang/_deps/utils-src/tests/PositionTests.cpp should add these lines:
#include <string>                     // for basic_string
#include "glm/detail/qualifier.hpp"   // for qualifier
#include "glm/detail/type_vec2.inl"   // for vec<>::vec<2, T, Q>, operator+
#include "glm/detail/type_vec3.inl"   // for operator+, vec<>::vec<3, T, Q>
#include "glm/ext/vector_float2.hpp"  // for vec2
#include "glm/ext/vector_float3.hpp"  // for vec3

/home/valerii/workspace/Nexium/build/debug/clang/_deps/utils-src/tests/PositionTests.cpp should remove these lines:

The full include-list for /home/valerii/workspace/Nexium/build/debug/clang/_deps/utils-src/tests/PositionTests.cpp:
#include <gtest/gtest.h>              // for Message, CmpHelperEQ, CmpHelper...
#include <string>                     // for basic_string
#include "Core/Position.h"            // for RelativePosition, GlobalPosition2F
#include "glm/detail/qualifier.hpp"   // for qualifier
#include "glm/detail/type_vec2.inl"   // for vec<>::vec<2, T, Q>, operator+
#include "glm/detail/type_vec3.inl"   // for operator+, vec<>::vec<3, T, Q>
#include "glm/ext/vector_float2.hpp"  // for vec2
#include "glm/ext/vector_float3.hpp"  // for vec3
---

[712/743] Building CXX object _deps/utils-build/tests/CMakeFiles/UtilsTests.dir/RectTest.cpp.o
Warning: include-what-you-use reported diagnostics:

/home/valerii/workspace/Nexium/build/debug/clang/_deps/utils-src/tests/RectTest.cpp should add these lines:
#include <string>                    // for basic_string
#include "Core/Math.h"               // for Abs
#include "glm/detail/type_vec2.inl"  // for operator==

/home/valerii/workspace/Nexium/build/debug/clang/_deps/utils-src/tests/RectTest.cpp should remove these lines:

The full include-list for /home/valerii/workspace/Nexium/build/debug/clang/_deps/utils-src/tests/RectTest.cpp:
#include <gtest/gtest.h>             // for AssertionResult, Test, Message
#include <string>                    // for basic_string
#include "Core/Math.h"               // for Abs
#include "Core/Rect.h"               // for FRect
#include "glm/detail/type_vec2.inl"  // for operator==
---

[713/743] Building CXX object sources/CMakeFiles/__Nexium.dir/Scene/Scene.cpp.o
Warning: include-what-you-use reported diagnostics:

/home/valerii/workspace/Nexium/sources/Scene/Scene.h should add these lines:
#include <string.h>                                // for memcpy, strlen
#include <utility>                                 // for forward
#include "Core/BaseAssert.h"                       // for Assert
#include "Core/IntrusivePtr.h"                     // for IntrusivePtr
#include "Core/String.h"                           // for StringAtom
#include "ECS/BaseComponent.h"                     // for IsComponent, BaseC...
namespace Core { class ECSAsset; }

/home/valerii/workspace/Nexium/sources/Scene/Scene.h should remove these lines:
- #include "AssetsManager/ECSAsset.h"  // lines 27-27

The full include-list for /home/valerii/workspace/Nexium/sources/Scene/Scene.h:
#include <string.h>                                // for memcpy, strlen
#include <utility>                                 // for forward
#include <vector>                                  // for vector
#include "AssetsManager/SkyboxAsset.h"             // for NXSkybox
#include "Core/BaseAssert.h"                       // for Assert
#include "Core/Delegate.h"                         // for Delegate
#include "Core/IntrusivePtr.h"                     // for IntrusivePtr
#include "Core/String.h"                           // for StringAtom
#include "ECS/BaseComponent.h"                     // for IsComponent, BaseC...
#include "GameplaySystem/Framework/WorldObject.h"  // for WorldObject
#include "Grid.h"                                  // for Grid
#include "RawDataManagement/DataStream.h"          // for IDataIO
#include "SceneObject.h"                           // for SceneObject
namespace Core { class Actor; }  // lines 39-39
namespace Core { class ECSAsset; }
---

/home/valerii/workspace/Nexium/sources/Scene/Scene.cpp should add these lines:
#include <filesystem>                               // for path
#include <memory>                                   // for unique_ptr
#include "AssetsManager/AssetsManager.h"            // for AssetsManager
#include "Editor/GameEditor.h"                      // for GameEditor
#include "Editor/SlowObjectPicker.h"                // for SlowObjectPicker
#include "Graphics/Primitives/StaticMeshBundle.h"   // for StaticMeshBundle
#include "Scene/Grid.h"                             // for Grid
#include "Scene/SceneObject.h"                      // for SceneObject
namespace Core { class ECSAsset; }

/home/valerii/workspace/Nexium/sources/Scene/Scene.cpp should remove these lines:

The full include-list for /home/valerii/workspace/Nexium/sources/Scene/Scene.cpp:
#include "Scene.h"
#include <filesystem>                               // for path
#include <memory>                                   // for unique_ptr
#include "AssetsManager/AssetsManager.h"            // for AssetsManager
#include "Editor/GameEditor.h"                      // for GameEditor
#include "Editor/SlowObjectPicker.h"                // for SlowObjectPicker
#include "GameplaySystem/Entities/Actor.h"          // for Actor
#include "GameplaySystem/Framework/GameInstance.h"  // for GameInstance, gGa...
#include "Graphics/Primitives/StaticMeshBundle.h"   // for StaticMeshBundle
#include "Scene/Grid.h"                             // for Grid
#include "Scene/SceneObject.h"                      // for SceneObject
namespace Core { class ECSAsset; }
---

[725/743] Building CXX object sources/CMakeFiles/__Nexium.dir/Scene/Rectangle.cpp.o
Warning: include-what-you-use reported diagnostics:

/home/valerii/workspace/Nexium/sources/Scene/Rectangle.h should add these lines:
#include "ECS/BaseComponent.h"              // for BaseComponent, ECS_COMPON...
#include "JustReflectMe/Adapter.h"          // for CLASS
#include "RawDataManagement/JsonAdapter.h"  // for R_FRIEND_DECL

/home/valerii/workspace/Nexium/sources/Scene/Rectangle.h should remove these lines:
- #include "Rectangle.generated.h"  // lines 46-46

The full include-list for /home/valerii/workspace/Nexium/sources/Scene/Rectangle.h:
#include "ECS/BaseComponent.h"              // for BaseComponent, ECS_COMPON...
#include "JustReflectMe/Adapter.h"          // for CLASS
#include "RawDataManagement/JsonAdapter.h"  // for R_FRIEND_DECL
#include "Scene/SceneObject.h"              // for SceneObject
---

/home/valerii/workspace/Nexium/sources/Scene/Rectangle.cpp should add these lines:
#include <utility>                                  // for move
#include <vector>                                   // for vector
#include "AssetsManager/AssetsManager.h"            // for AssetsManager
#include "AssetsManager/TextureAtlas.h"             // for TextureAtlas
#include "Graphics/ShaderManager.h"                 // for ShaderManager
#include "Graphics/ShaderProgram.h"                 // for ShaderProgram
#include "glad/glad.h"                              // for GLuint
#include "glm/detail/qualifier.hpp"                 // for qualifier
#include "glm/detail/type_vec2.inl"                 // for operator-

/home/valerii/workspace/Nexium/sources/Scene/Rectangle.cpp should remove these lines:

The full include-list for /home/valerii/workspace/Nexium/sources/Scene/Rectangle.cpp:
#include "Rectangle.h"
#include <utility>                                  // for move
#include <vector>                                   // for vector
#include "AssetsManager/AssetsManager.h"            // for AssetsManager
#include "AssetsManager/TextureAtlas.h"             // for TextureAtlas
#include "GameplaySystem/Camera.h"                  // for BaseCamera
#include "GameplaySystem/Framework/GameInstance.h"  // for GetShaderManager
#include "Graphics/GraphicsComponents.h"            // for BaseGraphicsData
#include "Graphics/ShaderManager.h"                 // for ShaderManager
#include "Graphics/ShaderProgram.h"                 // for ShaderProgram
#include "glad/glad.h"                              // for GLuint
#include "glm/detail/qualifier.hpp"                 // for qualifier
#include "glm/detail/type_vec2.inl"                 // for operator-
---

[726/743] Building CXX object sources/CMakeFiles/__Nexium.dir/Scene/Spectator.cpp.o
Warning: include-what-you-use reported diagnostics:

/home/valerii/workspace/Nexium/sources/Scene/Spectator.h should add these lines:
#include "Core/Delegate.h"                     // for DelegateSubscriberPool...
#include "Core/String.h"                       // for StringAtom
#include "ECS/BaseComponent.h"                 // for BaseComponent, ECS_COM...

/home/valerii/workspace/Nexium/sources/Scene/Spectator.h should remove these lines:

The full include-list for /home/valerii/workspace/Nexium/sources/Scene/Spectator.h:
#include "../GameplaySystem/Entities/Actor.h"  // for Actor
#include "Core/Delegate.h"                     // for DelegateSubscriberPool...
#include "Core/String.h"                       // for StringAtom
#include "ECS/BaseComponent.h"                 // for BaseComponent, ECS_COM...
#include "InputDevices/InputManager.h"         // for KeyboardInputManger
---

/home/valerii/workspace/Nexium/sources/Scene/Spectator.cpp should add these lines:
#include <string.h>                                 // for memcpy, strlen
#include <functional>                               // for invoke
#include <memory>                                   // for unique_ptr
#include "Core/BaseAssert.h"                        // for Verify
#include "Editor/Gizmo.h"                           // for Gizmo
#include "GameplaySystem/Camera.h"                  // for BaseCamera
#include "GameplaySystem/Entities/Actor.h"          // for Actor
#include "GameplaySystem/Framework/World.h"         // for World
#include "Graphics/Window.h"                        // for DragAndDrop, gDra...
#include "InputDevices/InputAction.h"               // for KeyboardInputAction
#include "InputDevices/Keyboard.h"                  // for Keyboard
#include "InputDevices/Mouse.h"                     // for Mouse
#include "glm/detail/qualifier.hpp"                 // for qualifier
#include "glm/detail/type_vec2.hpp"                 // for vec
#include "glm/detail/type_vec2.inl"                 // for operator*
#include "glm/ext/vector_float2.hpp"                // for vec2

/home/valerii/workspace/Nexium/sources/Scene/Spectator.cpp should remove these lines:

The full include-list for /home/valerii/workspace/Nexium/sources/Scene/Spectator.cpp:
#include "Spectator.h"
#include <string.h>                                 // for memcpy, strlen
#include <functional>                               // for invoke
#include <memory>                                   // for unique_ptr
#include "Core/BaseAssert.h"                        // for Verify
#include "Editor/Gizmo.h"                           // for Gizmo
#include "GameplaySystem/Camera.h"                  // for BaseCamera
#include "GameplaySystem/Entities/Actor.h"          // for Actor
#include "GameplaySystem/Framework/GameInstance.h"  // for GameInstance, gGa...
#include "GameplaySystem/Framework/World.h"         // for World
#include "Graphics/Window.h"                        // for DragAndDrop, gDra...
#include "InputDevices/InputAction.h"               // for KeyboardInputAction
#include "InputDevices/Keyboard.h"                  // for Keyboard
#include "InputDevices/Mouse.h"                     // for Mouse
#include "glm/detail/qualifier.hpp"                 // for qualifier
#include "glm/detail/type_vec2.hpp"                 // for vec
#include "glm/detail/type_vec2.inl"                 // for operator*
#include "glm/ext/vector_float2.hpp"                // for vec2
---